depth,ngram,matched_token,matched_category,line,name,game_id
3,['DIM'],DIM,CV,5,spukhaus3,5
3,['PRINT'],PRINT,CI,10,spukhaus3,5
3,['POKE'],POKE,CR,20,spukhaus3,5
3,['GOSUB'],GOSUB,CP,30,spukhaus3,5
3,['IF'],IF,CP,40,spukhaus3,5
3,['IF'],IF,CP,42,spukhaus3,5
3,['IF'],IF,CP,44,spukhaus3,5
3,['GOTO'],GOTO,CP,990,spukhaus3,5
3,['IF'],IF,CP,1010,spukhaus3,5
3,['IF'],IF,CP,1020,spukhaus3,5
3,['GOSUB'],GOSUB,CP,1030,spukhaus3,5
3,['PRINT'],PRINT,CI,1040,spukhaus3,5
3,['PRINT'],PRINT,CI,1045,spukhaus3,5
3,['FOR'],FOR,CP,1047,spukhaus3,5
3,['GOSUB'],GOSUB,CP,1050,spukhaus3,5
3,['GOSUB'],GOSUB,CP,1055,spukhaus3,5
3,['IF'],IF,CP,1060,spukhaus3,5
3,['IF'],IF,CP,1065,spukhaus3,5
3,['IF'],IF,CP,1070,spukhaus3,5
3,['IF'],IF,CP,1075,spukhaus3,5
3,['IF'],IF,CP,1077,spukhaus3,5
3,['IF'],IF,CP,1080,spukhaus3,5
3,['IF'],IF,CP,1085,spukhaus3,5
3,['IF'],IF,CP,1090,spukhaus3,5
3,['REM'],REM,CP,1100,spukhaus3,5
3,['IF'],IF,CP,1120,spukhaus3,5
3,['IF'],IF,CP,1890,spukhaus3,5
3,['GOSUB'],GOSUB,CP,1895,spukhaus3,5
3,['FOR'],FOR,CP,1900,spukhaus3,5
3,['IF'],IF,CP,2010,spukhaus3,5
3,['GOSUB'],GOSUB,CP,2040,spukhaus3,5
3,['PRINT'],PRINT,CI,2050,spukhaus3,5
3,['PRINT'],PRINT,CI,2055,spukhaus3,5
3,['FOR'],FOR,CP,2060,spukhaus3,5
3,['GOSUB'],GOSUB,CP,2100,spukhaus3,5
3,['GOSUB'],GOSUB,CP,2105,spukhaus3,5
3,['IF'],IF,CP,2110,spukhaus3,5
3,['IF'],IF,CP,2120,spukhaus3,5
3,['IF'],IF,CP,2125,spukhaus3,5
3,['IF'],IF,CP,2130,spukhaus3,5
3,['IF'],IF,CP,2135,spukhaus3,5
3,['IF'],IF,CP,2140,spukhaus3,5
3,['IF'],IF,CP,2150,spukhaus3,5
3,['IF'],IF,CP,2160,spukhaus3,5
3,['IF'],IF,CP,2170,spukhaus3,5
3,['IF'],IF,CP,2180,spukhaus3,5
3,['IF'],IF,CP,2200,spukhaus3,5
3,['IF'],IF,CP,2900,spukhaus3,5
3,['GOSUB'],GOSUB,CP,2910,spukhaus3,5
3,['IF'],IF,CP,3010,spukhaus3,5
3,['IF'],IF,CP,3020,spukhaus3,5
3,['GOSUB'],GOSUB,CP,3040,spukhaus3,5
3,['PRINT'],PRINT,CI,3050,spukhaus3,5
3,['FOR'],FOR,CP,3060,spukhaus3,5
3,['GOSUB'],GOSUB,CP,3100,spukhaus3,5
3,['GOSUB'],GOSUB,CP,3105,spukhaus3,5
3,['IF'],IF,CP,3110,spukhaus3,5
3,['IF'],IF,CP,3120,spukhaus3,5
3,['IF'],IF,CP,3125,spukhaus3,5
3,['IF'],IF,CP,3130,spukhaus3,5
3,['IF'],IF,CP,3150,spukhaus3,5
3,['IF'],IF,CP,3170,spukhaus3,5
3,['IF'],IF,CP,3175,spukhaus3,5
3,['IF'],IF,CP,3180,spukhaus3,5
3,['IF'],IF,CP,3200,spukhaus3,5
3,['IF'],IF,CP,3210,spukhaus3,5
3,['IF'],IF,CP,3230,spukhaus3,5
3,['IF'],IF,CP,3240,spukhaus3,5
3,['IF'],IF,CP,3250,spukhaus3,5
3,['IF'],IF,CP,3260,spukhaus3,5
3,['IF'],IF,CP,3270,spukhaus3,5
3,['IF'],IF,CP,3280,spukhaus3,5
3,['IF'],IF,CP,3290,spukhaus3,5
3,['IF'],IF,CP,3295,spukhaus3,5
3,['IF'],IF,CP,3300,spukhaus3,5
3,['IF'],IF,CP,3310,spukhaus3,5
3,['IF'],IF,CP,3320,spukhaus3,5
3,['IF'],IF,CP,3400,spukhaus3,5
3,['IF'],IF,CP,3410,spukhaus3,5
3,['IF'],IF,CP,3420,spukhaus3,5
3,['IF'],IF,CP,3800,spukhaus3,5
3,['GOSUB'],GOSUB,CP,3900,spukhaus3,5
3,['IF'],IF,CP,4010,spukhaus3,5
3,['GOSUB'],GOSUB,CP,4030,spukhaus3,5
3,['PRINT'],PRINT,CI,4040,spukhaus3,5
3,['FOR'],FOR,CP,4047,spukhaus3,5
3,['GOSUB'],GOSUB,CP,4100,spukhaus3,5
3,['GOSUB'],GOSUB,CP,4105,spukhaus3,5
3,['IF'],IF,CP,4110,spukhaus3,5
3,['IF'],IF,CP,4112,spukhaus3,5
3,['IF'],IF,CP,4120,spukhaus3,5
3,['IF'],IF,CP,4125,spukhaus3,5
3,['IF'],IF,CP,4127,spukhaus3,5
3,['IF'],IF,CP,4130,spukhaus3,5
3,['IF'],IF,CP,4140,spukhaus3,5
3,['IF'],IF,CP,4150,spukhaus3,5
3,['IF'],IF,CP,4160,spukhaus3,5
3,['IF'],IF,CP,4190,spukhaus3,5
3,['IF'],IF,CP,4200,spukhaus3,5
3,['IF'],IF,CP,4210,spukhaus3,5
3,['IF'],IF,CP,4220,spukhaus3,5
3,['IF'],IF,CP,4230,spukhaus3,5
3,['IF'],IF,CP,4900,spukhaus3,5
3,['GOSUB'],GOSUB,CP,4910,spukhaus3,5
3,['PRINT'],PRINT,CI,5000,spukhaus3,5
3,['PRINT'],PRINT,CI,5010,spukhaus3,5
3,['FOR'],FOR,CP,5030,spukhaus3,5
3,['POKE'],POKE,CR,5040,spukhaus3,5
3,['POKE'],POKE,CR,5050,spukhaus3,5
3,['GOTO'],GOTO,CP,5060,spukhaus3,5
3,['IF'],IF,CP,6010,spukhaus3,5
3,['GOSUB'],GOSUB,CP,6040,spukhaus3,5
3,['IF'],IF,CP,6045,spukhaus3,5
3,['PRINT'],PRINT,CI,6050,spukhaus3,5
3,['PRINT'],PRINT,CI,6055,spukhaus3,5
3,['FOR'],FOR,CP,6060,spukhaus3,5
3,['GOSUB'],GOSUB,CP,6100,spukhaus3,5
3,['GOSUB'],GOSUB,CP,6105,spukhaus3,5
3,['IF'],IF,CP,6107,spukhaus3,5
3,['IF'],IF,CP,6108,spukhaus3,5
3,['IF'],IF,CP,6110,spukhaus3,5
3,['IF'],IF,CP,6115,spukhaus3,5
3,['IF'],IF,CP,6117,spukhaus3,5
3,['IF'],IF,CP,6120,spukhaus3,5
3,['IF'],IF,CP,6130,spukhaus3,5
3,['IF'],IF,CP,6135,spukhaus3,5
3,['IF'],IF,CP,6140,spukhaus3,5
3,['IF'],IF,CP,6145,spukhaus3,5
3,['IF'],IF,CP,6147,spukhaus3,5
3,['IF'],IF,CP,6149,spukhaus3,5
3,['IF'],IF,CP,6150,spukhaus3,5
3,['IF'],IF,CP,6155,spukhaus3,5
3,['IF'],IF,CP,6160,spukhaus3,5
3,['IF'],IF,CP,6170,spukhaus3,5
3,['IF'],IF,CP,6180,spukhaus3,5
3,['IF'],IF,CP,6200,spukhaus3,5
3,['IF'],IF,CP,6900,spukhaus3,5
3,['GOSUB'],GOSUB,CP,6910,spukhaus3,5
3,['GOSUB'],GOSUB,CP,7000,spukhaus3,5
3,['PRINT'],PRINT,CI,7005,spukhaus3,5
3,['PRINT'],PRINT,CI,7010,spukhaus3,5
3,['PRINT'],PRINT,CI,7020,spukhaus3,5
3,['GOSUB'],GOSUB,CP,7035,spukhaus3,5
3,['IF'],IF,CP,7040,spukhaus3,5
3,['IF'],IF,CP,7050,spukhaus3,5
3,['IF'],IF,CP,7060,spukhaus3,5
3,['IF'],IF,CP,7070,spukhaus3,5
3,['IF'],IF,CP,7080,spukhaus3,5
3,['IF'],IF,CP,7090,spukhaus3,5
3,['GOSUB'],GOSUB,CP,7100,spukhaus3,5
3,['IF'],IF,CP,8020,spukhaus3,5
3,['IF'],IF,CP,8025,spukhaus3,5
3,['GOSUB'],GOSUB,CP,8030,spukhaus3,5
3,['PRINT'],PRINT,CI,8040,spukhaus3,5
3,['PRINT'],PRINT,CI,8045,spukhaus3,5
3,['FOR'],FOR,CP,8047,spukhaus3,5
3,['GOSUB'],GOSUB,CP,8100,spukhaus3,5
3,['GOSUB'],GOSUB,CP,8105,spukhaus3,5
3,['IF'],IF,CP,8110,spukhaus3,5
3,['IF'],IF,CP,8115,spukhaus3,5
3,['IF'],IF,CP,8120,spukhaus3,5
3,['IF'],IF,CP,8130,spukhaus3,5
3,['IF'],IF,CP,8140,spukhaus3,5
3,['IF'],IF,CP,8142,spukhaus3,5
3,['IF'],IF,CP,8144,spukhaus3,5
3,['IF'],IF,CP,8147,spukhaus3,5
3,['IF'],IF,CP,8150,spukhaus3,5
3,['IF'],IF,CP,8155,spukhaus3,5
3,['IF'],IF,CP,8157,spukhaus3,5
3,['IF'],IF,CP,8160,spukhaus3,5
3,['IF'],IF,CP,8180,spukhaus3,5
3,['IF'],IF,CP,8200,spukhaus3,5
3,['IF'],IF,CP,8900,spukhaus3,5
3,['GOSUB'],GOSUB,CP,8910,spukhaus3,5
3,['PRINT'],PRINT,CI,9000,spukhaus3,5
3,['PRINT'],PRINT,CI,9010,spukhaus3,5
3,['FOR'],FOR,CP,9020,spukhaus3,5
3,['GOSUB'],GOSUB,CP,10000,spukhaus3,5
3,['PRINT'],PRINT,CI,10005,spukhaus3,5
3,['PRINT'],PRINT,CI,10010,spukhaus3,5
3,['GOSUB'],GOSUB,CP,10017,spukhaus3,5
3,['IF'],IF,CP,10020,spukhaus3,5
3,['IF'],IF,CP,10030,spukhaus3,5
3,['IF'],IF,CP,10040,spukhaus3,5
3,['IF'],IF,CP,10050,spukhaus3,5
3,['IF'],IF,CP,10060,spukhaus3,5
3,['IF'],IF,CP,10065,spukhaus3,5
3,['GOSUB'],GOSUB,CP,10070,spukhaus3,5
3,['GOTO'],GOTO,CP,10099,spukhaus3,5
3,['REM'],REM,CP,12000,spukhaus3,5
3,['IF'],IF,CP,12050,spukhaus3,5
3,['IF'],IF,CP,12055,spukhaus3,5
3,['RETURN'],RETURN,CP,12900,spukhaus3,5
3,['GOSUB'],GOSUB,CP,13040,spukhaus3,5
3,['PRINT'],PRINT,CI,13050,spukhaus3,5
3,['FOR'],FOR,CP,13060,spukhaus3,5
3,['GOSUB'],GOSUB,CP,13100,spukhaus3,5
3,['GOSUB'],GOSUB,CP,13105,spukhaus3,5
3,['IF'],IF,CP,13120,spukhaus3,5
3,['IF'],IF,CP,13130,spukhaus3,5
3,['GOTO'],GOTO,CP,13135,spukhaus3,5
3,['IF'],IF,CP,13140,spukhaus3,5
3,['IF'],IF,CP,13145,spukhaus3,5
3,['IF'],IF,CP,13150,spukhaus3,5
3,['IF'],IF,CP,13160,spukhaus3,5
3,['IF'],IF,CP,13170,spukhaus3,5
3,['IF'],IF,CP,13175,spukhaus3,5
3,['IF'],IF,CP,13177,spukhaus3,5
3,['IF'],IF,CP,13180,spukhaus3,5
3,['GOTO'],GOTO,CP,13185,spukhaus3,5
3,['PRINT'],PRINT,CI,13190,spukhaus3,5
3,['REM'],REM,CP,13200,spukhaus3,5
3,['IF'],IF,CP,13900,spukhaus3,5
3,['GOSUB'],GOSUB,CP,13910,spukhaus3,5
3,['PRINT'],PRINT,CI,14000,spukhaus3,5
3,['GOTO'],GOTO,CP,14050,spukhaus3,5
3,['FOR'],FOR,CP,14100,spukhaus3,5
3,['IF'],IF,CP,14125,spukhaus3,5
3,['IF'],IF,CP,14127,spukhaus3,5
3,['IF'],IF,CP,14130,spukhaus3,5
3,['IF'],IF,CP,14135,spukhaus3,5
3,['IF'],IF,CP,14140,spukhaus3,5
3,['REM'],REM,CP,14150,spukhaus3,5
3,['IF'],IF,CP,14200,spukhaus3,5
3,['IF'],IF,CP,14202,spukhaus3,5
3,['GOTO'],GOTO,CP,14207,spukhaus3,5
3,['GOSUB'],GOSUB,CP,14210,spukhaus3,5
3,['IF'],IF,CP,14215,spukhaus3,5
3,['REM'],REM,CP,14240,spukhaus3,5
3,['IF'],IF,CP,14250,spukhaus3,5
3,['GOTO'],GOTO,CP,14252,spukhaus3,5
3,['PRINT'],PRINT,CI,14256,spukhaus3,5
3,['PRINT'],PRINT,CI,14258,spukhaus3,5
3,['IF'],IF,CP,14260,spukhaus3,5
3,['GOTO'],GOTO,CP,14265,spukhaus3,5
3,['PRINT'],PRINT,CI,14267,spukhaus3,5
3,['IF'],IF,CP,14270,spukhaus3,5
3,['IF'],IF,CP,14300,spukhaus3,5
3,['IF'],IF,CP,14305,spukhaus3,5
3,['PRINT'],PRINT,CI,14310,spukhaus3,5
3,['REM'],REM,CP,14340,spukhaus3,5
3,['IF'],IF,CP,14400,spukhaus3,5
3,['IF'],IF,CP,14401,spukhaus3,5
3,['IF'],IF,CP,14402,spukhaus3,5
3,['IF'],IF,CP,14405,spukhaus3,5
3,['IF'],IF,CP,14430,spukhaus3,5
3,['IF'],IF,CP,14432,spukhaus3,5
3,['GOTO'],GOTO,CP,14435,spukhaus3,5
3,['PRINT'],PRINT,CI,14440,spukhaus3,5
3,['IF'],IF,CP,14450,spukhaus3,5
3,['PRINT'],PRINT,CI,14460,spukhaus3,5
3,['REM'],REM,CP,14500,spukhaus3,5
3,['GOSUB'],GOSUB,CP,15000,spukhaus3,5
3,['IF'],IF,CP,15005,spukhaus3,5
3,['IF'],IF,CP,15010,spukhaus3,5
3,['GOTO'],GOTO,CP,15012,spukhaus3,5
3,['IF'],IF,CP,15020,spukhaus3,5
3,['IF'],IF,CP,15025,spukhaus3,5
3,['GOTO'],GOTO,CP,15027,spukhaus3,5
3,['PRINT'],PRINT,CI,15030,spukhaus3,5
3,['IF'],IF,CP,15100,spukhaus3,5
3,['IF'],IF,CP,15110,spukhaus3,5
3,['IF'],IF,CP,15120,spukhaus3,5
3,['IF'],IF,CP,15200,spukhaus3,5
3,['IF'],IF,CP,15210,spukhaus3,5
3,['IF'],IF,CP,15220,spukhaus3,5
3,['IF'],IF,CP,15230,spukhaus3,5
3,['IF'],IF,CP,15240,spukhaus3,5
3,['IF'],IF,CP,15250,spukhaus3,5
3,['IF'],IF,CP,15300,spukhaus3,5
3,['IF'],IF,CP,15310,spukhaus3,5
3,['IF'],IF,CP,15320,spukhaus3,5
3,['IF'],IF,CP,15400,spukhaus3,5
3,['IF'],IF,CP,15420,spukhaus3,5
3,['IF'],IF,CP,15430,spukhaus3,5
3,['IF'],IF,CP,15500,spukhaus3,5
3,['IF'],IF,CP,15505,spukhaus3,5
3,['IF'],IF,CP,15600,spukhaus3,5
3,['IF'],IF,CP,15700,spukhaus3,5
3,['IF'],IF,CP,15950,spukhaus3,5
3,['IF'],IF,CP,15990,spukhaus3,5
3,['IF'],IF,CP,20010,spukhaus3,5
3,['PRINT'],PRINT,CI,20020,spukhaus3,5
3,['FOR'],FOR,CP,20100,spukhaus3,5
3,['FOR'],FOR,CP,20110,spukhaus3,5
3,['FOR'],FOR,CP,20120,spukhaus3,5
3,['FOR'],FOR,CP,20200,spukhaus3,5
3,['POKE'],POKE,CR,20210,spukhaus3,5
3,['FOR'],FOR,CP,20220,spukhaus3,5
3,['FOR'],FOR,CP,20300,spukhaus3,5
3,['FOR'],FOR,CP,20310,spukhaus3,5
3,['FOR'],FOR,CP,20400,spukhaus3,5
3,['POKE'],POKE,CR,20410,spukhaus3,5
3,['PRINT'],PRINT,CI,21000,spukhaus3,5
3,['PRINT'],PRINT,CI,21010,spukhaus3,5
3,['PRINT'],PRINT,CI,21020,spukhaus3,5
3,['PRINT'],PRINT,CI,21030,spukhaus3,5
3,['PRINT'],PRINT,CI,21040,spukhaus3,5
3,['GOSUB'],GOSUB,CP,21100,spukhaus3,5
3,['GET'],GET,CI,21105,spukhaus3,5
3,['PRINT'],PRINT,CI,21110,spukhaus3,5
3,['PRINT'],PRINT,CI,21210,spukhaus3,5
3,['REM'],REM,CP,40000,spukhaus3,5
3,['PRINT'],PRINT,CI,40010,spukhaus3,5
3,['PRINT'],PRINT,CI,40015,spukhaus3,5
3,['RETURN'],RETURN,CP,40030,spukhaus3,5
3,['PRINT'],PRINT,CI,40100,spukhaus3,5
3,['PRINT'],PRINT,CI,40110,spukhaus3,5
3,['RETURN'],RETURN,CP,40130,spukhaus3,5
3,['PRINT'],PRINT,CI,40200,spukhaus3,5
3,['IF'],IF,CP,40300,spukhaus3,5
3,['IF'],IF,CP,40310,spukhaus3,5
3,['PRINT'],PRINT,CI,40330,spukhaus3,5
3,['PRINT'],PRINT,CI,40340,spukhaus3,5
3,['PRINT'],PRINT,CI,40341,spukhaus3,5
3,['PRINT'],PRINT,CI,40342,spukhaus3,5
3,['PRINT'],PRINT,CI,40343,spukhaus3,5
3,['RETURN'],RETURN,CP,40390,spukhaus3,5
3,['REM'],REM,CP,40400,spukhaus3,5
3,['PRINT'],PRINT,CI,40410,spukhaus3,5
3,['PRINT'],PRINT,CI,40420,spukhaus3,5
3,['FOR'],FOR,CP,40430,spukhaus3,5
3,['PRINT'],PRINT,CI,40500,spukhaus3,5
3,['PRINT'],PRINT,CI,40600,spukhaus3,5
3,['PRINT'],PRINT,CI,40700,spukhaus3,5
3,['PRINT'],PRINT,CI,41000,spukhaus3,5
3,['PRINT'],PRINT,CI,41100,spukhaus3,5
3,['PRINT'],PRINT,CI,41110,spukhaus3,5
3,['FOR'],FOR,CP,41530,spukhaus3,5
3,['NEXT'],NEXT,CP,41540,spukhaus3,5
3,['PRINT'],PRINT,CI,41580,spukhaus3,5
3,['PRINT'],PRINT,CI,41585,spukhaus3,5
3,['RETURN'],RETURN,CP,41590,spukhaus3,5
3,['PRINT'],PRINT,CI,45000,spukhaus3,5
3,['GOSUB'],GOSUB,CP,45001,spukhaus3,5
3,['IF'],IF,CP,45002,spukhaus3,5
3,['IF'],IF,CP,45003,spukhaus3,5
3,['FOR'],FOR,CP,45005,spukhaus3,5
3,['PRINT'],PRINT,CI,45010,spukhaus3,5
3,['NEXT'],NEXT,CP,45020,spukhaus3,5
3,['GOSUB'],GOSUB,CP,45025,spukhaus3,5
3,['PRINT'],PRINT,CI,46000,spukhaus3,5
3,['PRINT'],PRINT,CI,46100,spukhaus3,5
3,['PRINT'],PRINT,CI,46200,spukhaus3,5
3,['PRINT'],PRINT,CI,46210,spukhaus3,5
3,['PRINT'],PRINT,CI,46300,spukhaus3,5
3,['PRINT'],PRINT,CI,46305,spukhaus3,5
3,['PRINT'],PRINT,CI,46400,spukhaus3,5
3,['PRINT'],PRINT,CI,46405,spukhaus3,5
3,['PRINT'],PRINT,CI,46700,spukhaus3,5
3,['FOR'],FOR,CP,46710,spukhaus3,5
3,['POKE'],POKE,CR,46720,spukhaus3,5
3,['FOR'],FOR,CP,46730,spukhaus3,5
3,['END'],END,CC,46790,spukhaus3,5
3,['PRINT'],PRINT,CI,47005,spukhaus3,5
3,['IF'],IF,CP,47010,spukhaus3,5
3,['POKE'],POKE,CR,47012,spukhaus3,5
3,['PRINT'],PRINT,CI,49000,spukhaus3,5
3,['FOR'],FOR,CP,49010,spukhaus3,5
3,['PRINT'],PRINT,CI,49020,spukhaus3,5
3,['NEXT'],NEXT,CP,49030,spukhaus3,5
3,['RETURN'],RETURN,CP,60000,spukhaus3,5
3,['RESTORE'],RESTORE,CV,11,zeichen-gen2,0
3,['DATA'],DATA,CV,12,zeichen-gen2,0
3,['DATA'],DATA,CV,13,zeichen-gen2,0
3,['FOR'],FOR,CP,14,zeichen-gen2,0
3,['PRINT'],PRINT,CI,22,zeichen-gen2,0
3,['PRINT'],PRINT,CI,23,zeichen-gen2,0
3,['GET'],GET,CI,25,zeichen-gen2,0
3,['IF'],IF,CP,26,zeichen-gen2,0
3,['IF'],IF,CP,27,zeichen-gen2,0
3,['IF'],IF,CP,28,zeichen-gen2,0
3,['GOTO'],GOTO,CP,29,zeichen-gen2,0
3,['POKE'],POKE,CR,36,zeichen-gen2,0
3,['POKE'],POKE,CR,37,zeichen-gen2,0
3,['POKE'],POKE,CR,38,zeichen-gen2,0
3,['REM'],REM,CP,100,zeichen-gen2,0
3,['IF'],IF,CP,101,zeichen-gen2,0
3,['IF'],IF,CP,102,zeichen-gen2,0
3,['POKE'],POKE,CR,103,zeichen-gen2,0
3,['GET'],GET,CI,104,zeichen-gen2,0
3,['GOSUB'],GOSUB,CP,105,zeichen-gen2,0
3,['IF'],IF,CP,110,zeichen-gen2,0
3,['IF'],IF,CP,120,zeichen-gen2,0
3,['IF'],IF,CP,130,zeichen-gen2,0
3,['IF'],IF,CP,140,zeichen-gen2,0
3,['GOSUB'],GOSUB,CP,145,zeichen-gen2,0
3,['IF'],IF,CP,150,zeichen-gen2,0
3,['IF'],IF,CP,160,zeichen-gen2,0
3,['IF'],IF,CP,170,zeichen-gen2,0
3,['IF'],IF,CP,172,zeichen-gen2,0
3,['IF'],IF,CP,180,zeichen-gen2,0
3,['IF'],IF,CP,200,zeichen-gen2,0
3,['IF'],IF,CP,210,zeichen-gen2,0
3,['IF'],IF,CP,212,zeichen-gen2,0
3,['IF'],IF,CP,215,zeichen-gen2,0
3,['IF'],IF,CP,220,zeichen-gen2,0
3,['IF'],IF,CP,230,zeichen-gen2,0
3,['IF'],IF,CP,240,zeichen-gen2,0
3,['IF'],IF,CP,250,zeichen-gen2,0
3,['IF'],IF,CP,255,zeichen-gen2,0
3,['IF'],IF,CP,260,zeichen-gen2,0
3,['IF'],IF,CP,270,zeichen-gen2,0
3,['IF'],IF,CP,280,zeichen-gen2,0
3,['IF'],IF,CP,290,zeichen-gen2,0
3,['GOTO'],GOTO,CP,300,zeichen-gen2,0
3,['IF'],IF,CP,1005,zeichen-gen2,0
3,['PRINT'],PRINT,CI,2001,zeichen-gen2,0
3,['INPUT'],INPUT,CI,2002,zeichen-gen2,0
3,['FOR'],FOR,CP,2005,zeichen-gen2,0
3,['IF'],IF,CP,2015,zeichen-gen2,0
3,['IF'],IF,CP,2016,zeichen-gen2,0
3,['GOTO'],GOTO,CP,2017,zeichen-gen2,0
3,['POKE'],POKE,CR,2019,zeichen-gen2,0
3,['SAVE'],SAVE,CE,2020,zeichen-gen2,0
3,['POKE'],POKE,CR,2030,zeichen-gen2,0
3,['POKE'],POKE,CR,2049,zeichen-gen2,0
3,['RUN'],RUN,CC,2070,zeichen-gen2,0
3,['PRINT'],PRINT,CI,3001,zeichen-gen2,0
3,['INPUT'],INPUT,CI,3002,zeichen-gen2,0
3,['FOR'],FOR,CP,3005,zeichen-gen2,0
3,['IF'],IF,CP,3015,zeichen-gen2,0
3,['IF'],IF,CP,3016,zeichen-gen2,0
3,['END'],END,CC,3030,zeichen-gen2,0
3,['GOSUB'],GOSUB,CP,4005,zeichen-gen2,0
3,['IF'],IF,CP,4020,zeichen-gen2,0
3,['GOSUB'],GOSUB,CP,4505,zeichen-gen2,0
3,['GET'],GET,CI,4510,zeichen-gen2,0
3,['IF'],IF,CP,4520,zeichen-gen2,0
3,['GOTO'],GOTO,CP,4540,zeichen-gen2,0
3,['FOR'],FOR,CP,4600,zeichen-gen2,0
3,['PRINT'],PRINT,CI,4610,zeichen-gen2,0
3,['PRINT'],PRINT,CI,4620,zeichen-gen2,0
3,['RETURN'],RETURN,CP,4630,zeichen-gen2,0
3,['PRINT'],PRINT,CI,5005,zeichen-gen2,0
3,['PRINT'],PRINT,CI,6005,zeichen-gen2,0
3,['IF'],IF,CP,8010,zeichen-gen2,0
3,['IF'],IF,CP,9015,zeichen-gen2,0
3,['IF'],IF,CP,9021,zeichen-gen2,0
3,['IF'],IF,CP,9025,zeichen-gen2,0
3,['IF'],IF,CP,9026,zeichen-gen2,0
3,['PRINT'],PRINT,CI,9040,zeichen-gen2,0
3,['INPUT'],INPUT,CI,9045,zeichen-gen2,0
3,['IF'],IF,CP,9050,zeichen-gen2,0
3,['FOR'],FOR,CP,9060,zeichen-gen2,0
3,['POKE'],POKE,CR,9070,zeichen-gen2,0
3,['OPEN'],OPEN,CI,9502,zeichen-gen2,0
3,['PRINT#'],PRINT#,CI,9505,zeichen-gen2,0
3,['PRINT#'],PRINT#,CI,9510,zeichen-gen2,0
3,['FOR'],FOR,CP,9540,zeichen-gen2,0
3,['FOR'],FOR,CP,9550,zeichen-gen2,0
3,['IF'],IF,CP,9580,zeichen-gen2,0
3,['GOTO'],GOTO,CP,9590,zeichen-gen2,0
3,['PRINT'],PRINT,CI,9600,zeichen-gen2,0
3,['RETURN'],RETURN,CP,9610,zeichen-gen2,0
3,['PRINT#'],PRINT#,CI,10025,zeichen-gen2,0
3,['NEXT'],NEXT,CP,10080,zeichen-gen2,0
3,['PRINT#'],PRINT#,CI,10085,zeichen-gen2,0
3,['CLOSE'],CLOSE,CI,10090,zeichen-gen2,0
3,['RETURN'],RETURN,CP,10100,zeichen-gen2,0
3,['OPEN'],OPEN,CI,500,assembler,7
3,['IF'],IF,CP,520,assembler,7
3,['PRINT'],PRINT,CI,525,assembler,7
3,['GOSUB'],GOSUB,CP,530,assembler,7
3,['IF'],IF,CP,900,assembler,7
3,['CLOSE'],CLOSE,CI,910,assembler,7
3,['CLOSE'],CLOSE,CI,1110,assembler,7
3,['IF'],IF,CP,1150,assembler,7
3,['IF'],IF,CP,1165,assembler,7
3,['GOSUB'],GOSUB,CP,1170,assembler,7
3,['IF'],IF,CP,4032,assembler,7
3,['IF'],IF,CP,4035,assembler,7
3,['IF'],IF,CP,4045,assembler,7
3,['IF'],IF,CP,4050,assembler,7
3,['IF'],IF,CP,4070,assembler,7
3,['IF'],IF,CP,4090,assembler,7
3,['IF'],IF,CP,4152,assembler,7
3,['IF'],IF,CP,4155,assembler,7
3,['IF'],IF,CP,4175,assembler,7
3,['RETURN'],RETURN,CP,4180,assembler,7
3,['IF'],IF,CP,5020,assembler,7
3,['FOR'],FOR,CP,6020,assembler,7
3,['IF'],IF,CP,6030,assembler,7
3,['IF'],IF,CP,6035,assembler,7
3,['PRINT'],PRINT,CI,19990,assembler,7
3,['PRINT'],PRINT,CI,20005,assembler,7
3,['REM'],REM,CP,1,car-crash2,14
3,['REM'],REM,CP,2,car-crash2,14
3,['REM'],REM,CP,3,car-crash2,14
3,['REM'],REM,CP,4,car-crash2,14
3,['REM'],REM,CP,6,car-crash2,14
3,['REM'],REM,CP,7,car-crash2,14
3,['REM'],REM,CP,8,car-crash2,14
3,['REM'],REM,CP,9,car-crash2,14
3,['PRINT'],PRINT,CI,41,car-crash2,14
3,['PRINT'],PRINT,CI,43,car-crash2,14
3,['PRINT'],PRINT,CI,45,car-crash2,14
3,['PRINT'],PRINT,CI,80,car-crash2,14
3,['PRINT'],PRINT,CI,85,car-crash2,14
3,['GET'],GET,CI,86,car-crash2,14
3,['PRINT'],PRINT,CI,88,car-crash2,14
3,['IF'],IF,CP,315,car-crash2,14
3,['IF'],IF,CP,330,car-crash2,14
3,['IF'],IF,CP,350,car-crash2,14
3,['POKE'],POKE,CR,355,car-crash2,14
3,['POKE'],POKE,CR,360,car-crash2,14
3,['IF'],IF,CP,370,car-crash2,14
3,['POKE'],POKE,CR,380,car-crash2,14
3,['POKE'],POKE,CR,390,car-crash2,14
3,['POKE'],POKE,CR,440,car-crash2,14
3,['ON'],ON,CP,450,car-crash2,14
3,['IF'],IF,CP,451,car-crash2,14
3,['GOTO'],GOTO,CP,456,car-crash2,14
3,['IF'],IF,CP,465,car-crash2,14
3,['IF'],IF,CP,480,car-crash2,14
3,['POKE'],POKE,CR,490,car-crash2,14
3,['GOTO'],GOTO,CP,550,car-crash2,14
3,['FOR'],FOR,CP,3042,car-crash2,14
3,['FOR'],FOR,CP,3044,car-crash2,14
3,['POKE'],POKE,CR,3046,car-crash2,14
3,['POKE'],POKE,CR,3055,car-crash2,14
3,['RETURN'],RETURN,CP,3080,car-crash2,14
3,['POKE'],POKE,CR,4015,car-crash2,14
3,['PRINT'],PRINT,CI,4065,car-crash2,14
3,['POKE'],POKE,CR,4075,car-crash2,14
3,['IF'],IF,CP,4080,car-crash2,14
3,['FOR'],FOR,CP,4085,car-crash2,14
3,['GET'],GET,CI,4095,car-crash2,14
3,['POKE'],POKE,CR,5070,car-crash2,14
3,['PRINT'],PRINT,CI,5080,car-crash2,14
3,['PRINT'],PRINT,CI,5090,car-crash2,14
3,['PRINT'],PRINT,CI,5100,car-crash2,14
3,['PRINT'],PRINT,CI,5110,car-crash2,14
3,['PRINT'],PRINT,CI,5120,car-crash2,14
3,['PRINT'],PRINT,CI,5130,car-crash2,14
3,['PRINT'],PRINT,CI,5140,car-crash2,14
3,['PRINT'],PRINT,CI,5150,car-crash2,14
3,['PRINT'],PRINT,CI,5160,car-crash2,14
3,['PRINT'],PRINT,CI,5170,car-crash2,14
3,['PRINT'],PRINT,CI,5180,car-crash2,14
3,['PRINT'],PRINT,CI,5190,car-crash2,14
3,['PRINT'],PRINT,CI,5200,car-crash2,14
3,['PRINT'],PRINT,CI,5210,car-crash2,14
3,['PRINT'],PRINT,CI,5220,car-crash2,14
3,['PRINT'],PRINT,CI,5230,car-crash2,14
3,['PRINT'],PRINT,CI,5240,car-crash2,14
3,['PRINT'],PRINT,CI,5250,car-crash2,14
3,['PRINT'],PRINT,CI,5260,car-crash2,14
3,['PRINT'],PRINT,CI,5270,car-crash2,14
3,['PRINT'],PRINT,CI,5280,car-crash2,14
3,['POKE'],POKE,CR,5300,car-crash2,14
3,['RETURN'],RETURN,CP,5310,car-crash2,14
3,['NEXT'],NEXT,CP,7110,car-crash2,14
3,['RETURN'],RETURN,CP,7999,car-crash2,14
3,['POKE'],POKE,CR,9046,car-crash2,14
3,['DATA'],DATA,CV,20050,car-crash2,14
3,['DATA'],DATA,CV,20060,car-crash2,14
3,['DATA'],DATA,CV,20070,car-crash2,14
3,['DATA'],DATA,CV,20080,car-crash2,14
3,['DATA'],DATA,CV,20130,car-crash2,14
3,['DATA'],DATA,CV,20140,car-crash2,14
3,['DATA'],DATA,CV,20150,car-crash2,14
3,['DATA'],DATA,CV,20160,car-crash2,14
3,['DATA'],DATA,CV,20170,car-crash2,14
3,['DATA'],DATA,CV,20180,car-crash2,14
3,['DATA'],DATA,CV,20190,car-crash2,14
3,['DATA'],DATA,CV,20230,car-crash2,14
3,['DATA'],DATA,CV,20240,car-crash2,14
3,['DATA'],DATA,CV,20250,car-crash2,14
3,['DATA'],DATA,CV,20260,car-crash2,14
3,['DATA'],DATA,CV,20270,car-crash2,14
3,['DATA'],DATA,CV,20280,car-crash2,14
3,['DATA'],DATA,CV,20290,car-crash2,14
3,['DATA'],DATA,CV,20320,car-crash2,14
3,['DATA'],DATA,CV,20330,car-crash2,14
3,['REM'],REM,CP,30000,car-crash2,14
3,['REM'],REM,CP,30001,car-crash2,14
3,['REM'],REM,CP,30002,car-crash2,14
3,['REM'],REM,CP,30003,car-crash2,14
3,['REM'],REM,CP,30004,car-crash2,14
3,['PRINT'],PRINT,CI,90,skipping-ball,15
3,['GET'],GET,CI,190,skipping-ball,15
3,['GOTO'],GOTO,CP,410,skipping-ball,15
3,['IF'],IF,CP,420,skipping-ball,15
3,['IF'],IF,CP,430,skipping-ball,15
3,['IF'],IF,CP,502,skipping-ball,15
3,['POKE'],POKE,CR,580,skipping-ball,15
3,['PRINT'],PRINT,CI,590,skipping-ball,15
3,['PRINT'],PRINT,CI,600,skipping-ball,15
3,['PRINT'],PRINT,CI,610,skipping-ball,15
3,['FOR'],FOR,CP,620,skipping-ball,15
3,['IF'],IF,CP,640,skipping-ball,15
3,['PRINT'],PRINT,CI,650,skipping-ball,15
3,['NEXT'],NEXT,CP,660,skipping-ball,15
3,['PRINT'],PRINT,CI,670,skipping-ball,15
3,['PRINT'],PRINT,CI,680,skipping-ball,15
3,['PRINT'],PRINT,CI,690,skipping-ball,15
3,['PRINT'],PRINT,CI,700,skipping-ball,15
3,['IF'],IF,CP,710,skipping-ball,15
3,['PRINT'],PRINT,CI,720,skipping-ball,15
3,['PRINT'],PRINT,CI,730,skipping-ball,15
3,['PRINT'],PRINT,CI,740,skipping-ball,15
3,['IF'],IF,CP,750,skipping-ball,15
3,['PRINT'],PRINT,CI,760,skipping-ball,15
3,['IF'],IF,CP,780,skipping-ball,15
3,['PRINT'],PRINT,CI,800,skipping-ball,15
3,['PRINT'],PRINT,CI,810,skipping-ball,15
3,['PRINT'],PRINT,CI,820,skipping-ball,15
3,['PRINT'],PRINT,CI,830,skipping-ball,15
3,['RETURN'],RETURN,CP,840,skipping-ball,15
3,['FOR'],FOR,CP,850,skipping-ball,15
3,['NEXT'],NEXT,CP,860,skipping-ball,15
3,['FOR'],FOR,CP,870,skipping-ball,15
3,['NEXT'],NEXT,CP,880,skipping-ball,15
3,['IF'],IF,CP,890,skipping-ball,15
3,['NEXT'],NEXT,CP,920,skipping-ball,15
3,['FOR'],FOR,CP,930,skipping-ball,15
3,['NEXT'],NEXT,CP,940,skipping-ball,15
3,['IF'],IF,CP,950,skipping-ball,15
3,['PRINT'],PRINT,CI,960,skipping-ball,15
3,['FOR'],FOR,CP,970,skipping-ball,15
3,['NEXT'],NEXT,CP,980,skipping-ball,15
3,['GOTO'],GOTO,CP,15,slalom2,2
3,['IF'],IF,CP,114,slalom2,2
3,['IF'],IF,CP,116,slalom2,2
3,['IF'],IF,CP,122,slalom2,2
3,['POKE'],POKE,CR,124,slalom2,2
3,['IF'],IF,CP,126,slalom2,2
3,['IF'],IF,CP,167,slalom2,2
3,['IF'],IF,CP,183,slalom2,2
3,['IF'],IF,CP,184,slalom2,2
3,['GOSUB'],GOSUB,CP,1500,slalom2,2
3,['PRINT'],PRINT,CI,2065,slalom2,2
3,['IF'],IF,CP,2155,slalom2,2
3,['IF'],IF,CP,3012,slalom2,2
3,['IF'],IF,CP,4012,slalom2,2
3,['RETURN'],RETURN,CP,6070,slalom2,2
3,['GET'],GET,CI,8015,slalom2,2
3,['POKE'],POKE,CR,8016,slalom2,2
3,['IF'],IF,CP,8017,slalom2,2
3,['IF'],IF,CP,8022,slalom2,2
3,['FOR'],FOR,CP,125,robot-8k,3
3,['GET'],GET,CI,148,robot-8k,3
3,['NEXT'],NEXT,CP,345,robot-8k,3
3,['GOTO'],GOTO,CP,425,robot-8k,3
3,['GOSUB'],GOSUB,CP,435,robot-8k,3
3,['POKE'],POKE,CR,535,robot-8k,3
3,['PRINT'],PRINT,CI,585,robot-8k,3
3,['GOSUB'],GOSUB,CP,587,robot-8k,3
3,['FOR'],FOR,CP,625,robot-8k,3
3,['POKE'],POKE,CR,1200,robot-8k,3
3,['POKE'],POKE,CR,1210,robot-8k,3
3,['POKE'],POKE,CR,1220,robot-8k,3
3,['POKE'],POKE,CR,1230,robot-8k,3
3,['POKE'],POKE,CR,1240,robot-8k,3
3,['POKE'],POKE,CR,1250,robot-8k,3
3,['POKE'],POKE,CR,1260,robot-8k,3
3,['RETURN'],RETURN,CP,1270,robot-8k,3
3,['PRINT'],PRINT,CI,2080,robot-8k,3
3,['PRINT'],PRINT,CI,2090,robot-8k,3
3,['PRINT'],PRINT,CI,2102,robot-8k,3
3,['PRINT'],PRINT,CI,2103,robot-8k,3
3,['PRINT'],PRINT,CI,2104,robot-8k,3
3,['DATA'],DATA,CV,106,disassembler,8
3,['DATA'],DATA,CV,108,disassembler,8
3,['DATA'],DATA,CV,118,disassembler,8
3,['DATA'],DATA,CV,128,disassembler,8
3,['DATA'],DATA,CV,202,disassembler,8
3,['DATA'],DATA,CV,204,disassembler,8
3,['DATA'],DATA,CV,206,disassembler,8
3,['DATA'],DATA,CV,208,disassembler,8
3,['DATA'],DATA,CV,214,disassembler,8
3,['DATA'],DATA,CV,302,disassembler,8
3,['DATA'],DATA,CV,304,disassembler,8
3,['DATA'],DATA,CV,306,disassembler,8
3,['DATA'],DATA,CV,308,disassembler,8
3,['DATA'],DATA,CV,312,disassembler,8
3,['DATA'],DATA,CV,314,disassembler,8
3,['DATA'],DATA,CV,316,disassembler,8
3,['DATA'],DATA,CV,318,disassembler,8
3,['DATA'],DATA,CV,322,disassembler,8
3,['DATA'],DATA,CV,324,disassembler,8
3,['DATA'],DATA,CV,326,disassembler,8
3,['DATA'],DATA,CV,328,disassembler,8
3,['FOR'],FOR,CP,515,disassembler,8
3,['IF'],IF,CP,605,disassembler,8
3,['PRINT'],PRINT,CI,1205,disassembler,8
3,['IF'],IF,CP,1215,disassembler,8
3,['PRINT'],PRINT,CI,1320,disassembler,8
3,['PRINT'],PRINT,CI,65,einsiedler,16
3,['ON'],ON,CP,95,einsiedler,16
3,['IF'],IF,CP,155,einsiedler,16
3,['IF'],IF,CP,375,einsiedler,16
3,['IF'],IF,CP,405,einsiedler,16
3,['POKE'],POKE,CR,9990,einsiedler,16
3,['RETURN'],RETURN,CP,9999,einsiedler,16
3,['IF'],IF,CP,175,3d-labyrint-16k,4
3,['IF'],IF,CP,195,3d-labyrint-16k,4
3,['GET'],GET,CI,245,3d-labyrint-16k,4
3,['IF'],IF,CP,246,3d-labyrint-16k,4
3,['IF'],IF,CP,247,3d-labyrint-16k,4
3,['PRINT'],PRINT,CI,248,3d-labyrint-16k,4
3,['IF'],IF,CP,285,3d-labyrint-16k,4
3,['RETURN'],RETURN,CP,595,3d-labyrint-16k,4
3,['IF'],IF,CP,645,3d-labyrint-16k,4
3,['IF'],IF,CP,651,3d-labyrint-16k,4
3,['IF'],IF,CP,5025,3d-labyrint-16k,4
3,['IF'],IF,CP,5035,3d-labyrint-16k,4
3,['CLOSE'],CLOSE,CI,5155,3d-labyrint-16k,4
3,['PRINT'],PRINT,CI,1130,prgreservoir-8k,17
3,['PRINT'],PRINT,CI,1140,prgreservoir-8k,17
3,['GET'],GET,CI,1180,prgreservoir-8k,17
3,['RETURN'],RETURN,CP,1190,prgreservoir-8k,17
3,['PRINT'],PRINT,CI,1280,prgreservoir-8k,17
3,['PRINT'],PRINT,CI,1290,prgreservoir-8k,17
3,['RETURN'],RETURN,CP,1330,prgreservoir-8k,17
3,['PRINT'],PRINT,CI,1400,prgreservoir-8k,17
3,['PRINT'],PRINT,CI,1410,prgreservoir-8k,17
3,['PRINT'],PRINT,CI,1420,prgreservoir-8k,17
3,['PRINT'],PRINT,CI,1430,prgreservoir-8k,17
3,['PRINT'],PRINT,CI,1440,prgreservoir-8k,17
3,['PRINT'],PRINT,CI,1450,prgreservoir-8k,17
3,['RETURN'],RETURN,CP,1480,prgreservoir-8k,17
3,['REM'],REM,CP,59998,prgreservoir-8k,17
3,['DATA'],DATA,CV,1340,inv-gfx,11
3,['DATA'],DATA,CV,1350,inv-gfx,11
3,['DATA'],DATA,CV,1360,inv-gfx,11
3,['DATA'],DATA,CV,1370,inv-gfx,11
3,['DATA'],DATA,CV,1380,inv-gfx,11
3,['DATA'],DATA,CV,1460,inv-gfx,11
3,['DATA'],DATA,CV,1470,inv-gfx,11
3,['DATA'],DATA,CV,1490,inv-gfx,11
3,['DATA'],DATA,CV,1510,inv-gfx,11
3,['DATA'],DATA,CV,1520,inv-gfx,11
3,['DATA'],DATA,CV,1530,inv-gfx,11
3,['DATA'],DATA,CV,1540,inv-gfx,11
3,['DATA'],DATA,CV,1550,inv-gfx,11
3,['DATA'],DATA,CV,1560,inv-gfx,11
3,['DATA'],DATA,CV,1570,inv-gfx,11
3,['DATA'],DATA,CV,1580,inv-gfx,11
3,['DATA'],DATA,CV,1590,inv-gfx,11
3,['DATA'],DATA,CV,1600,inv-gfx,11
3,['DATA'],DATA,CV,1610,inv-gfx,11
3,['DATA'],DATA,CV,1620,inv-gfx,11
3,['DATA'],DATA,CV,1630,inv-gfx,11
3,['DATA'],DATA,CV,1640,inv-gfx,11
3,['DATA'],DATA,CV,1650,inv-gfx,11
3,['DATA'],DATA,CV,1660,inv-gfx,11
3,['DATA'],DATA,CV,1670,inv-gfx,11
3,['DATA'],DATA,CV,1680,inv-gfx,11
3,['DATA'],DATA,CV,1690,inv-gfx,11
3,['DATA'],DATA,CV,1700,inv-gfx,11
3,['DATA'],DATA,CV,1710,inv-gfx,11
3,['DATA'],DATA,CV,1720,inv-gfx,11
3,['DATA'],DATA,CV,1730,inv-gfx,11
3,['DATA'],DATA,CV,1740,inv-gfx,11
3,['DATA'],DATA,CV,1750,inv-gfx,11
3,['DATA'],DATA,CV,1760,inv-gfx,11
3,['DATA'],DATA,CV,1770,inv-gfx,11
3,['DATA'],DATA,CV,1780,inv-gfx,11
3,['DATA'],DATA,CV,1790,inv-gfx,11
3,['DATA'],DATA,CV,1800,inv-gfx,11
3,['DATA'],DATA,CV,1810,inv-gfx,11
3,['DATA'],DATA,CV,1820,inv-gfx,11
3,['DATA'],DATA,CV,1830,inv-gfx,11
3,['DATA'],DATA,CV,1840,inv-gfx,11
3,['DATA'],DATA,CV,1850,inv-gfx,11
3,['DATA'],DATA,CV,1860,inv-gfx,11
3,['IF'],IF,CP,16,labyrinth,13
3,['IF'],IF,CP,17,labyrinth,13
3,['IF'],IF,CP,18,labyrinth,13
3,['IF'],IF,CP,21,labyrinth,13
3,['IF'],IF,CP,24,labyrinth,13
3,['FOR'],FOR,CP,32,labyrinth,13
3,['PRINT'],PRINT,CI,33,labyrinth,13
3,['GET'],GET,CI,34,labyrinth,13
3,['IF'],IF,CP,39,labyrinth,13
3,['IF'],IF,CP,46,labyrinth,13
3,['IF'],IF,CP,49,labyrinth,13
3,['IF'],IF,CP,53,labyrinth,13
3,['IF'],IF,CP,54,labyrinth,13
3,['IF'],IF,CP,59,labyrinth,13
3,['RETURN'],RETURN,CP,66,labyrinth,13
3,['GOSUB'],GOSUB,CP,67,labyrinth,13
3,['FOR'],FOR,CP,69,labyrinth,13
3,['IF'],IF,CP,71,labyrinth,13
3,['IF'],IF,CP,73,labyrinth,13
3,['IF'],IF,CP,74,labyrinth,13
3,['IF'],IF,CP,75,labyrinth,13
3,['NEXT'],NEXT,CP,76,labyrinth,13
3,['IF'],IF,CP,77,labyrinth,13
3,['GOSUB'],GOSUB,CP,78,labyrinth,13
3,['REM'],REM,CP,79,labyrinth,13
3,['FOR'],FOR,CP,91,labyrinth,13
3,['GET'],GET,CI,92,labyrinth,13
3,['RETURN'],RETURN,CP,93,labyrinth,13
3,['NEXT'],NEXT,CP,2085,demon2,18
3,['POKE'],POKE,CR,2210,demon2,18
3,['FOR'],FOR,CP,2300,demon2,18
3,['POKE'],POKE,CR,2310,demon2,18
3,['PRINT'],PRINT,CI,2500,demon2,18
3,['PRINT'],PRINT,CI,2510,demon2,18
3,['PRINT'],PRINT,CI,2520,demon2,18
3,['RETURN'],RETURN,CP,2530,demon2,18
3,['FOR'],FOR,CP,6080,demon2,18
3,['POKE'],POKE,CR,6090,demon2,18
3,['IF'],IF,CP,9065,demon2,18
3,['PRINT'],PRINT,CI,9080,demon2,18
3,['GET'],GET,CI,9100,demon2,18
3,['IF'],IF,CP,9110,demon2,18
3,['IF'],IF,CP,9120,demon2,18
3,['PRINT'],PRINT,CI,9130,demon2,18
3,['PRINT'],PRINT,CI,9140,demon2,18
3,['END'],END,CC,9150,demon2,18
3,['DATA'],DATA,CV,10110,demon2,18
3,['DATA'],DATA,CV,10120,demon2,18
3,['DATA'],DATA,CV,10130,demon2,18
3,['DATA'],DATA,CV,10140,demon2,18
3,['DATA'],DATA,CV,10150,demon2,18
3,['RETURN'],RETURN,CP,10200,demon2,18
3,['PRINT'],PRINT,CI,225,editor,6
3,['IF'],IF,CP,505,editor,6
3,['OPEN'],OPEN,CI,507,editor,6
3,['IF'],IF,CP,6002,editor,6
3,['PRINT'],PRINT,CI,171,pingi2,30
3,['PRINT'],PRINT,CI,565,pingi2,30
3,['END'],END,CC,1999,pingi2,30
3,['PRINT'],PRINT,CI,2128,pingi2,30
3,['PRINT'],PRINT,CI,2129,pingi2,30
3,['PRINT'],PRINT,CI,2142,pingi2,30
3,['PRINT'],PRINT,CI,2144,pingi2,30
3,['PRINT'],PRINT,CI,2152,pingi2,30
3,['PRINT'],PRINT,CI,2154,pingi2,30
3,['PRINT'],PRINT,CI,2162,pingi2,30
3,['PRINT'],PRINT,CI,2164,pingi2,30
3,['PRINT'],PRINT,CI,2166,pingi2,30
3,['PRINT'],PRINT,CI,2172,pingi2,30
3,['PRINT'],PRINT,CI,2174,pingi2,30
3,['PRINT'],PRINT,CI,2182,pingi2,30
3,['PRINT'],PRINT,CI,2184,pingi2,30
3,['PRINT'],PRINT,CI,2186,pingi2,30
3,['PRINT'],PRINT,CI,115,feuerwehr2,35
3,['PRINT'],PRINT,CI,135,feuerwehr2,35
3,['DATA'],DATA,CV,501,feuerwehr2,35
3,['DATA'],DATA,CV,503,feuerwehr2,35
3,['DATA'],DATA,CV,504,feuerwehr2,35
3,['PRINT'],PRINT,CI,615,feuerwehr2,35
3,['PRINT'],PRINT,CI,623,feuerwehr2,35
3,['PRINT'],PRINT,CI,635,feuerwehr2,35
3,['IF'],IF,CP,665,feuerwehr2,35
3,['IF'],IF,CP,675,feuerwehr2,35
3,['IF'],IF,CP,685,feuerwehr2,35
3,['PRINT'],PRINT,CI,705,feuerwehr2,35
3,['GOTO'],GOTO,CP,715,feuerwehr2,35
3,['PRINT'],PRINT,CI,725,feuerwehr2,35
3,['GOTO'],GOTO,CP,735,feuerwehr2,35
3,['PRINT'],PRINT,CI,753,feuerwehr2,35
3,['PRINT'],PRINT,CI,755,feuerwehr2,35
3,['GOTO'],GOTO,CP,757,feuerwehr2,35
3,['PRINT'],PRINT,CI,765,feuerwehr2,35
3,['PRINT'],PRINT,CI,773,feuerwehr2,35
3,['GOTO'],GOTO,CP,775,feuerwehr2,35
3,['GOTO'],GOTO,CP,795,feuerwehr2,35
3,['POKE'],POKE,CR,141,fishing,27
3,['POKE'],POKE,CR,146,fishing,27
3,['IF'],IF,CP,147,fishing,27
3,['IF'],IF,CP,154,fishing,27
3,['IF'],IF,CP,156,fishing,27
3,['IF'],IF,CP,157,fishing,27
3,['IF'],IF,CP,173,fishing,27
3,['POKE'],POKE,CR,191,fishing,27
3,['IF'],IF,CP,192,fishing,27
3,['POKE'],POKE,CR,207,fishing,27
3,['IF'],IF,CP,209,fishing,27
3,['IF'],IF,CP,256,fishing,27
3,['IF'],IF,CP,273,fishing,27
3,['IF'],IF,CP,275,fishing,27
3,['IF'],IF,CP,621,fishing,27
3,['POKE'],POKE,CR,701,fishing,27
3,['GOTO'],GOTO,CP,99,planetoid,34
3,['PRINT'],PRINT,CI,107,planetoid,34
3,['PRINT'],PRINT,CI,265,planetoid,34
3,['PRINT'],PRINT,CI,295,planetoid,34
3,['PRINT'],PRINT,CI,305,planetoid,34
3,['PRINT'],PRINT,CI,335,planetoid,34
3,['POKE'],POKE,CR,401,planetoid,34
3,['POKE'],POKE,CR,406,planetoid,34
3,['IF'],IF,CP,495,planetoid,34
3,['FOR'],FOR,CP,506,planetoid,34
3,['GET'],GET,CI,509,planetoid,34
3,['PRINT'],PRINT,CI,517,planetoid,34
3,['FOR'],FOR,CP,518,planetoid,34
3,['GOSUB'],GOSUB,CP,522,planetoid,34
3,['PRINT'],PRINT,CI,717,planetoid,34
3,['PRINT'],PRINT,CI,236,zerbrochene-8k,32
3,['PRINT'],PRINT,CI,237,zerbrochene-8k,32
3,['PRINT'],PRINT,CI,238,zerbrochene-8k,32
3,['PRINT'],PRINT,CI,319,zerbrochene-8k,32
3,['DATA'],DATA,CV,395,zerbrochene-8k,32
3,['PRINT'],PRINT,CI,201,ufo-attack,29
3,['POKE'],POKE,CR,249,ufo-attack,29
3,['PRINT'],PRINT,CI,20040,ufo-attack,29
3,['PRINT'],PRINT,CI,40020,ufo-attack,29
3,['PRINT'],PRINT,CI,40040,ufo-attack,29
3,['PRINT'],PRINT,CI,40060,ufo-attack,29
3,['PRINT'],PRINT,CI,40080,ufo-attack,29
3,['PRINT'],PRINT,CI,40120,ufo-attack,29
3,['PRINT'],PRINT,CI,40140,ufo-attack,29
3,['PRINT'],PRINT,CI,40155,ufo-attack,29
3,['PRINT'],PRINT,CI,40170,ufo-attack,29
3,['FOR'],FOR,CP,40180,ufo-attack,29
3,['GET'],GET,CI,40190,ufo-attack,29
3,['PRINT'],PRINT,CI,40350,ufo-attack,29
3,['PRINT'],PRINT,CI,40370,ufo-attack,29
3,['PRINT'],PRINT,CI,40510,ufo-attack,29
3,['PRINT'],PRINT,CI,40530,ufo-attack,29
3,['PRINT'],PRINT,CI,40550,ufo-attack,29
3,['PRINT'],PRINT,CI,40570,ufo-attack,29
3,['PRINT'],PRINT,CI,40581,ufo-attack,29
3,['PRINT'],PRINT,CI,40583,ufo-attack,29
3,['PRINT'],PRINT,CI,40585,ufo-attack,29
3,['POKE'],POKE,CR,40587,ufo-attack,29
3,['NEXT'],NEXT,CP,40590,ufo-attack,29
3,['PRINT'],PRINT,CI,50800,ufo-attack,29
3,['POKE'],POKE,CR,612,adventurelnd-3k,37
3,['FOR'],FOR,CP,622,adventurelnd-3k,37
3,['FOR'],FOR,CP,624,adventurelnd-3k,37
3,['PRINT'],PRINT,CI,627,adventurelnd-3k,37
3,['PRINT'],PRINT,CI,628,adventurelnd-3k,37
3,['PRINT'],PRINT,CI,629,adventurelnd-3k,37
3,['PRINT'],PRINT,CI,631,adventurelnd-3k,37
3,['PRINT'],PRINT,CI,633,adventurelnd-3k,37
3,['PRINT'],PRINT,CI,634,adventurelnd-3k,37
3,['PRINT'],PRINT,CI,636,adventurelnd-3k,37
3,['PRINT'],PRINT,CI,637,adventurelnd-3k,37
3,['PRINT'],PRINT,CI,638,adventurelnd-3k,37
3,['POKE'],POKE,CR,96,monsterjagd,28
3,['GOTO'],GOTO,CP,801,monsterjagd,28
3,['PRINT'],PRINT,CI,2201,monsterjagd,28
3,['GOTO'],GOTO,CP,2230,monsterjagd,28
3,['POKE'],POKE,CR,2800,monsterjagd,28
3,['PRINT'],PRINT,CI,2801,monsterjagd,28
3,['GOSUB'],GOSUB,CP,2805,monsterjagd,28
3,['PRINT'],PRINT,CI,2810,monsterjagd,28
3,['PRINT'],PRINT,CI,2820,monsterjagd,28
3,['GET'],GET,CI,2830,monsterjagd,28
3,['IF'],IF,CP,2832,monsterjagd,28
3,['GOTO'],GOTO,CP,2834,monsterjagd,28
3,['PRINT'],PRINT,CI,2915,monsterjagd,28
3,['PRINT'],PRINT,CI,2920,monsterjagd,28
3,['PRINT'],PRINT,CI,2930,monsterjagd,28
3,['POKE'],POKE,CR,2940,monsterjagd,28
3,['DATA'],DATA,CV,3022,monsterjagd,28
3,['DATA'],DATA,CV,3023,monsterjagd,28
3,['DATA'],DATA,CV,3024,monsterjagd,28
3,['DATA'],DATA,CV,3065,monsterjagd,28
3,['GOTO'],GOTO,CP,1950,blue-munster2,26
3,['POKE'],POKE,CR,3115,blue-munster2,26
3,['PRINT'],PRINT,CI,3140,blue-munster2,26
3,['FOR'],FOR,CP,4300,blue-munster2,26
3,['IF'],IF,CP,4550,blue-munster2,26
3,['GOSUB'],GOSUB,CP,4560,blue-munster2,26
3,['IF'],IF,CP,4580,blue-munster2,26
3,['GOSUB'],GOSUB,CP,4590,blue-munster2,26
3,['GOTO'],GOTO,CP,4650,blue-munster2,26
3,['RETURN'],RETURN,CP,5500,blue-munster2,26
3,['IF'],IF,CP,10055,blue-munster2,26
3,['IF'],IF,CP,10106,blue-munster2,26
3,['GOTO'],GOTO,CP,10113,blue-munster2,26
3,['POKE'],POKE,CR,10115,blue-munster2,26
3,['RETURN'],RETURN,CP,10999,blue-munster2,26
3,['REM'],REM,CP,11000,blue-munster2,26
3,['IF'],IF,CP,11020,blue-munster2,26
3,['IF'],IF,CP,11030,blue-munster2,26
3,['IF'],IF,CP,11050,blue-munster2,26
3,['IF'],IF,CP,11105,blue-munster2,26
3,['POKE'],POKE,CR,11110,blue-munster2,26
3,['GOTO'],GOTO,CP,11113,blue-munster2,26
3,['POKE'],POKE,CR,11115,blue-munster2,26
3,['POKE'],POKE,CR,11120,blue-munster2,26
3,['GOSUB'],GOSUB,CP,11150,blue-munster2,26
3,['RETURN'],RETURN,CP,11999,blue-munster2,26
3,['IF'],IF,CP,12015,blue-munster2,26
3,['IF'],IF,CP,12020,blue-munster2,26
3,['IF'],IF,CP,12025,blue-munster2,26
3,['IF'],IF,CP,12030,blue-munster2,26
3,['IF'],IF,CP,12060,blue-munster2,26
3,['IF'],IF,CP,12070,blue-munster2,26
3,['IF'],IF,CP,12080,blue-munster2,26
3,['IF'],IF,CP,12105,blue-munster2,26
3,['POKE'],POKE,CR,12110,blue-munster2,26
3,['GOTO'],GOTO,CP,12113,blue-munster2,26
3,['POKE'],POKE,CR,12115,blue-munster2,26
3,['POKE'],POKE,CR,12120,blue-munster2,26
3,['GOSUB'],GOSUB,CP,12140,blue-munster2,26
3,['IF'],IF,CP,12150,blue-munster2,26
3,['RETURN'],RETURN,CP,12999,blue-munster2,26
3,['IF'],IF,CP,13030,blue-munster2,26
3,['IF'],IF,CP,13080,blue-munster2,26
3,['POKE'],POKE,CR,13110,blue-munster2,26
3,['GOTO'],GOTO,CP,13113,blue-munster2,26
3,['POKE'],POKE,CR,13115,blue-munster2,26
3,['RETURN'],RETURN,CP,13999,blue-munster2,26
3,['IF'],IF,CP,14060,blue-munster2,26
3,['IF'],IF,CP,14070,blue-munster2,26
3,['GOSUB'],GOSUB,CP,14080,blue-munster2,26
3,['IF'],IF,CP,14090,blue-munster2,26
3,['IF'],IF,CP,14275,blue-munster2,26
3,['GOSUB'],GOSUB,CP,14280,blue-munster2,26
3,['IF'],IF,CP,14290,blue-munster2,26
3,['RETURN'],RETURN,CP,14999,blue-munster2,26
3,['REM'],REM,CP,16000,blue-munster2,26
3,['POKE'],POKE,CR,16100,blue-munster2,26
3,['GOSUB'],GOSUB,CP,16300,blue-munster2,26
3,['GOTO'],GOTO,CP,16500,blue-munster2,26
3,['IF'],IF,CP,20015,blue-munster2,26
3,['IF'],IF,CP,20090,blue-munster2,26
3,['IF'],IF,CP,20105,blue-munster2,26
3,['POKE'],POKE,CR,20500,blue-munster2,26
3,['IF'],IF,CP,20800,blue-munster2,26
3,['IF'],IF,CP,20850,blue-munster2,26
3,['IF'],IF,CP,20999,blue-munster2,26
3,['IF'],IF,CP,21050,blue-munster2,26
3,['IF'],IF,CP,21060,blue-munster2,26
3,['IF'],IF,CP,21070,blue-munster2,26
3,['IF'],IF,CP,21090,blue-munster2,26
3,['IF'],IF,CP,21120,blue-munster2,26
3,['POKE'],POKE,CR,21500,blue-munster2,26
3,['IF'],IF,CP,21800,blue-munster2,26
3,['IF'],IF,CP,21999,blue-munster2,26
3,['IF'],IF,CP,22000,blue-munster2,26
3,['IF'],IF,CP,22020,blue-munster2,26
3,['IF'],IF,CP,22040,blue-munster2,26
3,['IF'],IF,CP,22050,blue-munster2,26
3,['IF'],IF,CP,22060,blue-munster2,26
3,['IF'],IF,CP,22070,blue-munster2,26
3,['IF'],IF,CP,22100,blue-munster2,26
3,['IF'],IF,CP,22120,blue-munster2,26
3,['POKE'],POKE,CR,22500,blue-munster2,26
3,['RETURN'],RETURN,CP,22999,blue-munster2,26
3,['POKE'],POKE,CR,25000,blue-munster2,26
3,['POKE'],POKE,CR,26000,blue-munster2,26
3,['FOR'],FOR,CP,26010,blue-munster2,26
3,['IF'],IF,CP,27000,blue-munster2,26
3,['PRINT'],PRINT,CI,27008,blue-munster2,26
3,['FOR'],FOR,CP,27010,blue-munster2,26
3,['GOSUB'],GOSUB,CP,28003,blue-munster2,26
3,['READ'],READ,CV,28005,blue-munster2,26
3,['POKE'],POKE,CR,28010,blue-munster2,26
3,['GOTO'],GOTO,CP,28020,blue-munster2,26
3,['DATA'],DATA,CV,28030,blue-munster2,26
3,['DATA'],DATA,CV,28040,blue-munster2,26
3,['DATA'],DATA,CV,28050,blue-munster2,26
3,['DATA'],DATA,CV,28060,blue-munster2,26
3,['DATA'],DATA,CV,28070,blue-munster2,26
3,['DATA'],DATA,CV,28080,blue-munster2,26
3,['IF'],IF,CP,30050,blue-munster2,26
3,['IF'],IF,CP,30110,blue-munster2,26
3,['GOTO'],GOTO,CP,30120,blue-munster2,26
3,['PRINT'],PRINT,CI,30130,blue-munster2,26
3,['FOR'],FOR,CP,30140,blue-munster2,26
3,['GOTO'],GOTO,CP,30150,blue-munster2,26
3,['IF'],IF,CP,30210,blue-munster2,26
3,['PRINT'],PRINT,CI,30220,blue-munster2,26
3,['PRINT'],PRINT,CI,30230,blue-munster2,26
3,['GOTO'],GOTO,CP,30250,blue-munster2,26
3,['IF'],IF,CP,30300,blue-munster2,26
3,['PRINT'],PRINT,CI,30310,blue-munster2,26
3,['PRINT'],PRINT,CI,30320,blue-munster2,26
3,['GOTO'],GOTO,CP,30330,blue-munster2,26
3,['PRINT'],PRINT,CI,30350,blue-munster2,26
3,['IF'],IF,CP,30410,blue-munster2,26
3,['PRINT'],PRINT,CI,30500,blue-munster2,26
3,['PRINT'],PRINT,CI,30510,blue-munster2,26
3,['PRINT'],PRINT,CI,30520,blue-munster2,26
3,['GET'],GET,CI,30530,blue-munster2,26
3,['IF'],IF,CP,30540,blue-munster2,26
3,['GOTO'],GOTO,CP,30550,blue-munster2,26
3,['FOR'],FOR,CP,475,diamanten3,36
3,['POKE'],POKE,CR,545,zerbrochene2,32
3,['IF'],IF,CP,632,zerbrochene2,32
3,['NEXT'],NEXT,CP,747,zerbrochene2,32
3,['FOR'],FOR,CP,815,zerbrochene2,32
3,['IF'],IF,CP,905,zerbrochene2,32
3,['PRINT'],PRINT,CI,1035,zerbrochene2,32
3,['PRINT'],PRINT,CI,1036,zerbrochene2,32
3,['PRINT'],PRINT,CI,1037,zerbrochene2,32
3,['IF'],IF,CP,1213,zerbrochene2,32
3,['POKE'],POKE,CR,1315,zerbrochene2,32
3,['NEXT'],NEXT,CP,1316,zerbrochene2,32
3,['POKE'],POKE,CR,1365,zerbrochene2,32
3,['NEXT'],NEXT,CP,1366,zerbrochene2,32
3,['POKE'],POKE,CR,1445,zerbrochene2,32
3,['NEXT'],NEXT,CP,1446,zerbrochene2,32
3,['PRINT'],PRINT,CI,1655,zerbrochene2,32
3,"['CHR$', '""{down}{down}load""', '""{down}{down}load""', '""{down}{down}load""']",CHR$,CS,50,star-wars2,25
3,"['CHR$', '""star-wars3""', '""star-wars3""', '""star-wars3""']",CHR$,CS,50,star-wars2,25
3,"['PEEK', '"",""', '"",""', '"",""']",PEEK,CR,50,star-wars2,25
3,['DATA'],DATA,CV,10035,star-wars2,25
3,['DATA'],DATA,CV,10045,star-wars2,25
3,['DATA'],DATA,CV,10075,star-wars2,25
3,['DATA'],DATA,CV,10095,star-wars2,25
3,['DATA'],DATA,CV,10125,star-wars2,25
3,['DATA'],DATA,CV,10135,star-wars2,25
3,['DATA'],DATA,CV,10145,star-wars2,25
3,['DATA'],DATA,CV,10155,star-wars2,25
3,['DATA'],DATA,CV,10160,star-wars2,25
3,['DATA'],DATA,CV,10165,star-wars2,25
3,['DATA'],DATA,CV,10170,star-wars2,25
3,['DATA'],DATA,CV,10175,star-wars2,25
3,['DATA'],DATA,CV,10180,star-wars2,25
3,['DATA'],DATA,CV,10185,star-wars2,25
3,['DATA'],DATA,CV,10190,star-wars2,25
3,['DATA'],DATA,CV,10195,star-wars2,25
3,['DATA'],DATA,CV,10205,star-wars2,25
3,['DATA'],DATA,CV,10210,star-wars2,25
3,['DATA'],DATA,CV,10215,star-wars2,25
3,['DATA'],DATA,CV,10220,star-wars2,25
3,['DATA'],DATA,CV,10225,star-wars2,25
3,['DATA'],DATA,CV,10230,star-wars2,25
3,['DATA'],DATA,CV,10235,star-wars2,25
3,['DATA'],DATA,CV,10240,star-wars2,25
3,['DATA'],DATA,CV,10245,star-wars2,25
3,['DATA'],DATA,CV,10250,star-wars2,25
3,['DATA'],DATA,CV,10255,star-wars2,25
3,['DATA'],DATA,CV,10260,star-wars2,25
3,['DATA'],DATA,CV,10265,star-wars2,25
3,['DATA'],DATA,CV,10270,star-wars2,25
3,['DATA'],DATA,CV,10275,star-wars2,25
3,['DATA'],DATA,CV,10280,star-wars2,25
3,['DATA'],DATA,CV,10285,star-wars2,25
3,['DATA'],DATA,CV,10290,star-wars2,25
3,['DATA'],DATA,CV,10295,star-wars2,25
3,['DATA'],DATA,CV,10300,star-wars2,25
3,['DATA'],DATA,CV,10305,star-wars2,25
3,['DATA'],DATA,CV,10310,star-wars2,25
3,['DATA'],DATA,CV,10315,star-wars2,25
3,['IF'],IF,CP,2025,adventurelnd2,37
3,['IF'],IF,CP,10086,adventurelnd2,37
3,['RETURN'],RETURN,CP,19999,adventurelnd2,37
3,['PRINT'],PRINT,CI,25001,adventurelnd2,37
3,['POKE'],POKE,CR,25005,adventurelnd2,37
3,['POKE'],POKE,CR,25010,adventurelnd2,37
3,['END'],END,CC,25020,adventurelnd2,37
3,['POKE'],POKE,CR,26030,adventurelnd2,37
3,['RETURN'],RETURN,CP,26080,adventurelnd2,37
3,"['GOTO', '""{clr}{down}{down}poke44,24:poke7168,0:new""', '""{clr}{down}{down}poke44,24:poke7168,0:new""', '""{clr}{down}{down}poke44,24:poke7168,0:new""']",GOTO,CP,40,blue-munster-3k,26
3,['DATA'],DATA,CV,109,blue-munster-3k,26
3,['DATA'],DATA,CV,113,blue-munster-3k,26
3,['DATA'],DATA,CV,117,blue-munster-3k,26
3,['DATA'],DATA,CV,119,blue-munster-3k,26
3,['DATA'],DATA,CV,121,blue-munster-3k,26
3,['DATA'],DATA,CV,123,blue-munster-3k,26
3,['DATA'],DATA,CV,127,blue-munster-3k,26
3,['DATA'],DATA,CV,129,blue-munster-3k,26
3,['DATA'],DATA,CV,131,blue-munster-3k,26
3,['DATA'],DATA,CV,132,blue-munster-3k,26
3,['DATA'],DATA,CV,133,blue-munster-3k,26
3,['DATA'],DATA,CV,134,blue-munster-3k,26
3,['DATA'],DATA,CV,136,blue-munster-3k,26
3,['DATA'],DATA,CV,137,blue-munster-3k,26
3,['DATA'],DATA,CV,138,blue-munster-3k,26
3,['DATA'],DATA,CV,139,blue-munster-3k,26
3,['DATA'],DATA,CV,142,blue-munster-3k,26
3,['DATA'],DATA,CV,143,blue-munster-3k,26
3,['DATA'],DATA,CV,144,blue-munster-3k,26
3,['DATA'],DATA,CV,149,blue-munster-3k,26
3,['DATA'],DATA,CV,151,blue-munster-3k,26
3,['DATA'],DATA,CV,152,blue-munster-3k,26
3,['DATA'],DATA,CV,153,blue-munster-3k,26
3,['PRINT'],PRINT,CI,965,blue-munster-3k,26
3,"['REM', '""{clr}{white}einen moment bitte....""', '""{clr}{white}einen moment bitte....""', '""{clr}{white}einen moment bitte....""']",REM,CP,10,computer blues,22
3,['IF'],IF,CP,1870,seeschlacht-16k,24
3,['PRINT'],PRINT,CI,1880,seeschlacht-16k,24
3,['IF'],IF,CP,1910,seeschlacht-16k,24
3,['IF'],IF,CP,1920,seeschlacht-16k,24
3,['GOSUB'],GOSUB,CP,1930,seeschlacht-16k,24
3,['PRINT'],PRINT,CI,1940,seeschlacht-16k,24
3,['IF'],IF,CP,1960,seeschlacht-16k,24
3,['PRINT'],PRINT,CI,1970,seeschlacht-16k,24
3,['GOSUB'],GOSUB,CP,1980,seeschlacht-16k,24
3,['PRINT'],PRINT,CI,2190,seeschlacht-16k,24
3,['FOR'],FOR,CP,2220,seeschlacht-16k,24
3,['PRINT'],PRINT,CI,2240,seeschlacht-16k,24
3,['PRINT'],PRINT,CI,2250,seeschlacht-16k,24
3,['GOTO'],GOTO,CP,2270,seeschlacht-16k,24
3,['IF'],IF,CP,2280,seeschlacht-16k,24
3,['PRINT'],PRINT,CI,2290,seeschlacht-16k,24
3,['PRINT'],PRINT,CI,2320,seeschlacht-16k,24
3,['GOTO'],GOTO,CP,2330,seeschlacht-16k,24
3,['INPUT'],INPUT,CI,2340,seeschlacht-16k,24
3,['IF'],IF,CP,2350,seeschlacht-16k,24
3,['PRINT'],PRINT,CI,2360,seeschlacht-16k,24
3,['PRINT'],PRINT,CI,2380,seeschlacht-16k,24
3,['PRINT'],PRINT,CI,2390,seeschlacht-16k,24
3,['IF'],IF,CP,2400,seeschlacht-16k,24
3,['IF'],IF,CP,2410,seeschlacht-16k,24
3,['PRINT'],PRINT,CI,2420,seeschlacht-16k,24
3,['IF'],IF,CP,2430,seeschlacht-16k,24
3,['PRINT'],PRINT,CI,2440,seeschlacht-16k,24
3,['GOSUB'],GOSUB,CP,2450,seeschlacht-16k,24
3,['PRINT'],PRINT,CI,2460,seeschlacht-16k,24
3,['PRINT'],PRINT,CI,2470,seeschlacht-16k,24
3,['PRINT'],PRINT,CI,2480,seeschlacht-16k,24
3,['PRINT'],PRINT,CI,2490,seeschlacht-16k,24
3,['GET'],GET,CI,2540,seeschlacht-16k,24
3,['IF'],IF,CP,2550,seeschlacht-16k,24
3,['PRINT'],PRINT,CI,2560,seeschlacht-16k,24
3,['FOR'],FOR,CP,2570,seeschlacht-16k,24
3,['PRINT'],PRINT,CI,2580,seeschlacht-16k,24
3,['PRINT'],PRINT,CI,2590,seeschlacht-16k,24
3,['GOTO'],GOTO,CP,2600,seeschlacht-16k,24
3,['IF'],IF,CP,2610,seeschlacht-16k,24
3,['PRINT'],PRINT,CI,2620,seeschlacht-16k,24
3,['IF'],IF,CP,2630,seeschlacht-16k,24
3,['PRINT'],PRINT,CI,2640,seeschlacht-16k,24
3,['IF'],IF,CP,2650,seeschlacht-16k,24
3,['PRINT'],PRINT,CI,2660,seeschlacht-16k,24
3,['PRINT'],PRINT,CI,2670,seeschlacht-16k,24
3,['IF'],IF,CP,2690,seeschlacht-16k,24
3,['PRINT'],PRINT,CI,2700,seeschlacht-16k,24
3,['IF'],IF,CP,2710,seeschlacht-16k,24
3,['PRINT'],PRINT,CI,2720,seeschlacht-16k,24
3,['GOSUB'],GOSUB,CP,2730,seeschlacht-16k,24
3,['FOR'],FOR,CP,2750,seeschlacht-16k,24
3,['FOR'],FOR,CP,2760,seeschlacht-16k,24
3,['IF'],IF,CP,2770,seeschlacht-16k,24
3,['PRINT'],PRINT,CI,2840,seeschlacht-16k,24
3,['INPUT'],INPUT,CI,2850,seeschlacht-16k,24
3,['PRINT'],PRINT,CI,2860,seeschlacht-16k,24
3,['FOR'],FOR,CP,2880,seeschlacht-16k,24
3,['IF'],IF,CP,2890,seeschlacht-16k,24
3,['FOR'],FOR,CP,2950,seeschlacht-16k,24
3,['FOR'],FOR,CP,2960,seeschlacht-16k,24
3,['NEXT'],NEXT,CP,2970,seeschlacht-16k,24
3,['IF'],IF,CP,2980,seeschlacht-16k,24
3,['PRINT'],PRINT,CI,2990,seeschlacht-16k,24
3,['PRINT'],PRINT,CI,3090,seeschlacht-16k,24
3,['PRINT'],PRINT,CI,3160,seeschlacht-16k,24
3,['PRINT'],PRINT,CI,3190,seeschlacht-16k,24
3,['REM'],REM,CP,3220,seeschlacht-16k,24
3,['PRINT'],PRINT,CI,3330,seeschlacht-16k,24
3,['IF'],IF,CP,3340,seeschlacht-16k,24
3,['PRINT'],PRINT,CI,3350,seeschlacht-16k,24
3,['IF'],IF,CP,3360,seeschlacht-16k,24
3,['PRINT'],PRINT,CI,3370,seeschlacht-16k,24
3,['GOTO'],GOTO,CP,3390,seeschlacht-16k,24
3,['FOR'],FOR,CP,3430,seeschlacht-16k,24
3,['NEXT'],NEXT,CP,3450,seeschlacht-16k,24
3,['GOTO'],GOTO,CP,3460,seeschlacht-16k,24
3,['IF'],IF,CP,3470,seeschlacht-16k,24
3,['PRINT'],PRINT,CI,3480,seeschlacht-16k,24
3,['NEXT'],NEXT,CP,3530,seeschlacht-16k,24
3,['POKE'],POKE,CR,3540,seeschlacht-16k,24
3,['PRINT'],PRINT,CI,3550,seeschlacht-16k,24
3,['PRINT'],PRINT,CI,3570,seeschlacht-16k,24
3,['PRINT'],PRINT,CI,3580,seeschlacht-16k,24
3,['PRINT'],PRINT,CI,3590,seeschlacht-16k,24
3,['PRINT'],PRINT,CI,3610,seeschlacht-16k,24
3,['IF'],IF,CP,3620,seeschlacht-16k,24
3,['PRINT'],PRINT,CI,3630,seeschlacht-16k,24
3,['GOTO'],GOTO,CP,3640,seeschlacht-16k,24
3,['PRINT'],PRINT,CI,3650,seeschlacht-16k,24
3,['GOTO'],GOTO,CP,3660,seeschlacht-16k,24
3,['IF'],IF,CP,3670,seeschlacht-16k,24
3,['IF'],IF,CP,3680,seeschlacht-16k,24
3,['PRINT'],PRINT,CI,3690,seeschlacht-16k,24
3,['PRINT'],PRINT,CI,3710,seeschlacht-16k,24
3,['POKE'],POKE,CR,3720,seeschlacht-16k,24
3,['POKE'],POKE,CR,3730,seeschlacht-16k,24
3,['FOR'],FOR,CP,3740,seeschlacht-16k,24
3,['FOR'],FOR,CP,3750,seeschlacht-16k,24
3,['IF'],IF,CP,3760,seeschlacht-16k,24
3,['IF'],IF,CP,3780,seeschlacht-16k,24
3,['FOR'],FOR,CP,3790,seeschlacht-16k,24
3,['GOTO'],GOTO,CP,3820,seeschlacht-16k,24
3,['NEXT'],NEXT,CP,3830,seeschlacht-16k,24
3,['STOP'],STOP,CC,3840,seeschlacht-16k,24
3,['ON'],ON,CP,3850,seeschlacht-16k,24
3,['GOTO'],GOTO,CP,3880,seeschlacht-16k,24
3,['GOTO'],GOTO,CP,3910,seeschlacht-16k,24
3,['IF'],IF,CP,3920,seeschlacht-16k,24
3,['PRINT'],PRINT,CI,3930,seeschlacht-16k,24
3,['IF'],IF,CP,3940,seeschlacht-16k,24
3,['GOTO'],GOTO,CP,3960,seeschlacht-16k,24
3,['IF'],IF,CP,3970,seeschlacht-16k,24
3,['PRINT'],PRINT,CI,3980,seeschlacht-16k,24
3,['PRINT'],PRINT,CI,4240,seeschlacht-16k,24
3,['IF'],IF,CP,4250,seeschlacht-16k,24
3,['PRINT'],PRINT,CI,4260,seeschlacht-16k,24
3,['PRINT'],PRINT,CI,4270,seeschlacht-16k,24
3,['NEXT'],NEXT,CP,4280,seeschlacht-16k,24
3,['FOR'],FOR,CP,4290,seeschlacht-16k,24
3,['NEXT'],NEXT,CP,4320,seeschlacht-16k,24
3,['INPUT'],INPUT,CI,4330,seeschlacht-16k,24
3,['IF'],IF,CP,4340,seeschlacht-16k,24
3,['RETURN'],RETURN,CP,4360,seeschlacht-16k,24
3,['PRINT'],PRINT,CI,4370,seeschlacht-16k,24
3,['PRINT'],PRINT,CI,4380,seeschlacht-16k,24
3,['FOR'],FOR,CP,4390,seeschlacht-16k,24
3,['PRINT'],PRINT,CI,4400,seeschlacht-16k,24
3,['GET'],GET,CI,4410,seeschlacht-16k,24
3,['IF'],IF,CP,4420,seeschlacht-16k,24
3,['GOTO'],GOTO,CP,4430,seeschlacht-16k,24
3,['PRINT'],PRINT,CI,4440,seeschlacht-16k,24
3,['GOTO'],GOTO,CP,4450,seeschlacht-16k,24
3,['REM'],REM,CP,4460,seeschlacht-16k,24
3,['POKE'],POKE,CR,4470,seeschlacht-16k,24
3,['FOR'],FOR,CP,4480,seeschlacht-16k,24
3,['RETURN'],RETURN,CP,4490,seeschlacht-16k,24
3,['POKE'],POKE,CR,4570,seeschlacht-16k,24
3,['PRINT'],PRINT,CI,4640,seeschlacht-16k,24
3,['PRINT'],PRINT,CI,4660,seeschlacht-16k,24
3,['PRINT'],PRINT,CI,4670,seeschlacht-16k,24
3,['PRINT'],PRINT,CI,4680,seeschlacht-16k,24
3,['PRINT'],PRINT,CI,4690,seeschlacht-16k,24
3,['GET'],GET,CI,4700,seeschlacht-16k,24
3,['PRINT'],PRINT,CI,4710,seeschlacht-16k,24
3,['PRINT'],PRINT,CI,4720,seeschlacht-16k,24
3,['PRINT'],PRINT,CI,4730,seeschlacht-16k,24
3,['PRINT'],PRINT,CI,4740,seeschlacht-16k,24
3,['PRINT'],PRINT,CI,4750,seeschlacht-16k,24
3,['PRINT'],PRINT,CI,4760,seeschlacht-16k,24
3,['PRINT'],PRINT,CI,4770,seeschlacht-16k,24
3,['PRINT'],PRINT,CI,4780,seeschlacht-16k,24
3,['PRINT'],PRINT,CI,4790,seeschlacht-16k,24
3,['PRINT'],PRINT,CI,4800,seeschlacht-16k,24
3,['GET'],GET,CI,4810,seeschlacht-16k,24
3,['PRINT'],PRINT,CI,4820,seeschlacht-16k,24
3,['PRINT'],PRINT,CI,4830,seeschlacht-16k,24
3,['PRINT'],PRINT,CI,4840,seeschlacht-16k,24
3,['PRINT'],PRINT,CI,4850,seeschlacht-16k,24
3,['PRINT'],PRINT,CI,4860,seeschlacht-16k,24
3,['PRINT'],PRINT,CI,4870,seeschlacht-16k,24
3,['PRINT'],PRINT,CI,4880,seeschlacht-16k,24
3,['PRINT'],PRINT,CI,4890,seeschlacht-16k,24
3,['PRINT'],PRINT,CI,4920,seeschlacht-16k,24
3,['PRINT'],PRINT,CI,4930,seeschlacht-16k,24
3,['PRINT'],PRINT,CI,4940,seeschlacht-16k,24
3,['PRINT'],PRINT,CI,4950,seeschlacht-16k,24
3,['PRINT'],PRINT,CI,4960,seeschlacht-16k,24
3,['PRINT'],PRINT,CI,4970,seeschlacht-16k,24
3,['GET'],GET,CI,4980,seeschlacht-16k,24
3,['PRINT'],PRINT,CI,4990,seeschlacht-16k,24
3,['GOTO'],GOTO,CP,4999,roulette,19
3,['IF'],IF,CP,5056,roulette,19
3,['INPUT'],INPUT,CI,5057,roulette,19
3,['RETURN'],RETURN,CP,5490,roulette,19
3,['NEXT'],NEXT,CP,6015,roulette,19
3,['PRINT'],PRINT,CI,6025,roulette,19
3,['NEXT'],NEXT,CP,7015,roulette,19
3,['FOR'],FOR,CP,7025,roulette,19
3,['FOR'],FOR,CP,7095,roulette,19
3,['NEXT'],NEXT,CP,7096,roulette,19
3,['PRINT'],PRINT,CI,8026,roulette,19
3,['PRINT'],PRINT,CI,8027,roulette,19
3,['GET'],GET,CI,8050,roulette,19
3,['DATA'],DATA,CV,158,pac-ball-3k,56
3,['DATA'],DATA,CV,159,pac-ball-3k,56
3,['DATA'],DATA,CV,161,pac-ball-3k,56
3,['DATA'],DATA,CV,162,pac-ball-3k,56
3,['DATA'],DATA,CV,199,pac-ball-3k,56
3,['IF'],IF,CP,203,pac-ball-3k,56
3,['POKE'],POKE,CR,271,pac-ball-3k,56
3,['PRINT'],PRINT,CI,282,pac-ball-3k,56
3,['GOTO'],GOTO,CP,365,pac-ball-3k,56
3,['PRINT'],PRINT,CI,385,pac-ball-3k,56
3,['REM'],REM,CP,396,pac-ball-3k,56
3,['REM'],REM,CP,397,pac-ball-3k,56
3,['REM'],REM,CP,398,pac-ball-3k,56
3,['REM'],REM,CP,399,pac-ball-3k,56
3,['REM'],REM,CP,415,pac-ball-3k,56
3,['REM'],REM,CP,431,pac-ball-3k,56
3,['REM'],REM,CP,436,pac-ball-3k,56
3,['REM'],REM,CP,437,pac-ball-3k,56
3,['REM'],REM,CP,438,pac-ball-3k,56
3,['REM'],REM,CP,439,pac-ball-3k,56
3,['IF'],IF,CP,253,geldsamml-3k,38
3,['IF'],IF,CP,299,geldsamml-3k,38
3,['IF'],IF,CP,317,geldsamml-3k,38
3,['GOTO'],GOTO,CP,1011,geldsamml-3k,38
3,['IF'],IF,CP,163,q-bert2,49
3,['PRINT'],PRINT,CI,164,q-bert2,49
3,['PRINT'],PRINT,CI,168,q-bert2,49
3,['IF'],IF,CP,174,q-bert2,49
3,['IF'],IF,CP,176,q-bert2,49
3,['IF'],IF,CP,177,q-bert2,49
3,['IF'],IF,CP,178,q-bert2,49
3,['GOTO'],GOTO,CP,181,q-bert2,49
3,['IF'],IF,CP,182,q-bert2,49
3,['IF'],IF,CP,186,q-bert2,49
3,['GOTO'],GOTO,CP,187,q-bert2,49
3,['IF'],IF,CP,188,q-bert2,49
3,['REM'],REM,CP,189,q-bert2,49
3,['IF'],IF,CP,193,q-bert2,49
3,['GOTO'],GOTO,CP,196,q-bert2,49
3,['IF'],IF,CP,198,q-bert2,49
3,['IF'],IF,CP,217,q-bert2,49
3,['IF'],IF,CP,219,q-bert2,49
3,['IF'],IF,CP,221,q-bert2,49
3,['IF'],IF,CP,223,q-bert2,49
3,['IF'],IF,CP,227,q-bert2,49
3,['GOTO'],GOTO,CP,229,q-bert2,49
3,['IF'],IF,CP,241,q-bert2,49
3,['IF'],IF,CP,242,q-bert2,49
3,['POKE'],POKE,CR,251,q-bert2,49
3,['POKE'],POKE,CR,252,q-bert2,49
3,['POKE'],POKE,CR,254,q-bert2,49
3,['POKE'],POKE,CR,257,q-bert2,49
3,['POKE'],POKE,CR,258,q-bert2,49
3,['POKE'],POKE,CR,259,q-bert2,49
3,['POKE'],POKE,CR,261,q-bert2,49
3,['POKE'],POKE,CR,262,q-bert2,49
3,['POKE'],POKE,CR,263,q-bert2,49
3,['POKE'],POKE,CR,264,q-bert2,49
3,['POKE'],POKE,CR,266,q-bert2,49
3,['IF'],IF,CP,341,q-bert2,49
3,['GOTO'],GOTO,CP,342,q-bert2,49
3,['IF'],IF,CP,343,q-bert2,49
3,['IF'],IF,CP,344,q-bert2,49
3,['IF'],IF,CP,346,q-bert2,49
3,['GOTO'],GOTO,CP,347,q-bert2,49
3,['IF'],IF,CP,349,q-bert2,49
3,['POKE'],POKE,CR,351,q-bert2,49
3,['POKE'],POKE,CR,352,q-bert2,49
3,['IF'],IF,CP,353,q-bert2,49
3,['PRINT'],PRINT,CI,1025,q-bert2,49
3,['PRINT'],PRINT,CI,1095,q-bert2,49
3,['IF'],IF,CP,1101,q-bert2,49
3,['IF'],IF,CP,1102,q-bert2,49
3,['END'],END,CC,1104,q-bert2,49
3,['REM'],REM,CP,1105,q-bert2,49
3,['IF'],IF,CP,1111,q-bert2,49
3,['IF'],IF,CP,1112,q-bert2,49
3,['IF'],IF,CP,1113,q-bert2,49
3,['IF'],IF,CP,1114,q-bert2,49
3,['IF'],IF,CP,1115,q-bert2,49
3,['IF'],IF,CP,1116,q-bert2,49
3,['IF'],IF,CP,1117,q-bert2,49
3,['IF'],IF,CP,1118,q-bert2,49
3,['IF'],IF,CP,1119,q-bert2,49
3,['IF'],IF,CP,1126,q-bert2,49
3,['POKE'],POKE,CR,1136,q-bert2,49
3,['IF'],IF,CP,1138,q-bert2,49
3,['POKE'],POKE,CR,1139,q-bert2,49
3,['POKE'],POKE,CR,1141,q-bert2,49
3,['GET'],GET,CI,1142,q-bert2,49
3,['FOR'],FOR,CP,1143,q-bert2,49
3,['GOTO'],GOTO,CP,1144,q-bert2,49
3,['PRINT'],PRINT,CI,1155,q-bert2,49
3,['PRINT'],PRINT,CI,1175,q-bert2,49
3,['PRINT'],PRINT,CI,1185,q-bert2,49
3,['PRINT'],PRINT,CI,1195,q-bert2,49
3,['PRINT'],PRINT,CI,1225,q-bert2,49
3,['POKE'],POKE,CR,1235,q-bert2,49
3,['IF'],IF,CP,1236,q-bert2,49
3,['POKE'],POKE,CR,1237,q-bert2,49
3,['IF'],IF,CP,1238,q-bert2,49
3,['POKE'],POKE,CR,1239,q-bert2,49
3,['POKE'],POKE,CR,1241,q-bert2,49
3,['IF'],IF,CP,1242,q-bert2,49
3,['POKE'],POKE,CR,1243,q-bert2,49
3,['IF'],IF,CP,1244,q-bert2,49
3,['GOTO'],GOTO,CP,1245,q-bert2,49
3,['IF'],IF,CP,1246,q-bert2,49
3,['POKE'],POKE,CR,1247,q-bert2,49
3,['INPUT#'],INPUT#,CI,1252,q-bert2,49
3,['PRINT'],PRINT,CI,1255,q-bert2,49
3,['PRINT'],PRINT,CI,1256,q-bert2,49
3,['WAIT'],WAIT,CR,1257,q-bert2,49
3,['PRINT#'],PRINT#,CI,1258,q-bert2,49
3,['READ'],READ,CV,1261,q-bert2,49
3,['FOR'],FOR,CP,1262,q-bert2,49
3,['GOTO'],GOTO,CP,1263,q-bert2,49
3,['DATA'],DATA,CV,1264,q-bert2,49
3,['DATA'],DATA,CV,1265,q-bert2,49
3,['DATA'],DATA,CV,1266,q-bert2,49
3,['DATA'],DATA,CV,1267,q-bert2,49
3,['IF'],IF,CP,1275,q-bert2,49
3,['IF'],IF,CP,1276,q-bert2,49
3,['GET'],GET,CI,655,economy,57
3,['PRINT'],PRINT,CI,865,economy,57
3,['GOSUB'],GOSUB,CP,868,economy,57
3,['NEXT'],NEXT,CP,6210,economy,57
3,['FOR'],FOR,CP,6300,economy,57
3,['FOR'],FOR,CP,6310,economy,57
3,['RETURN'],RETURN,CP,6320,economy,57
3,['IF'],IF,CP,303,zyklo3,39
3,['IF'],IF,CP,323,zyklo3,39
3,['IF'],IF,CP,333,zyklo3,39
3,['POKE'],POKE,CR,409,zyklo3,39
3,['POKE'],POKE,CR,419,zyklo3,39
3,['POKE'],POKE,CR,429,zyklo3,39
3,['RETURN'],RETURN,CP,817,zyklo3,39
3,['POKE'],POKE,CR,1405,zyklo3,39
3,['GET'],GET,CI,2035,zyklo3,39
3,['DATA'],DATA,CV,60005,zyklo3,39
3,['DATA'],DATA,CV,60010,zyklo3,39
3,['DATA'],DATA,CV,60015,zyklo3,39
3,['DATA'],DATA,CV,60020,zyklo3,39
3,['DATA'],DATA,CV,60025,zyklo3,39
3,['PRINT'],PRINT,CI,169,q-bert-3k,49
3,['PRINT'],PRINT,CI,286,q-bert-3k,49
3,['PRINT'],PRINT,CI,287,q-bert-3k,49
3,['PRINT'],PRINT,CI,445,q-bert-3k,49
3,['PRINT'],PRINT,CI,471,q-bert-3k,49
3,['REM'],REM,CP,485,q-bert-3k,49
3,['PRINT'],PRINT,CI,496,q-bert-3k,49
3,['POKE'],POKE,CR,521,q-bert-3k,49
3,['PRINT'],PRINT,CI,283,terra 2,55
3,['PRINT'],PRINT,CI,296,terra 2,55
3,['POKE'],POKE,CR,411,terra 2,55
3,['FOR'],FOR,CP,999,terra 2,55
3,['IF'],IF,CP,601,fox-hunt2,46
3,['GOTO'],GOTO,CP,603,fox-hunt2,46
3,['GOTO'],GOTO,CP,901,fox-hunt2,46
3,['IF'],IF,CP,902,fox-hunt2,46
3,['GOTO'],GOTO,CP,903,fox-hunt2,46
3,['IF'],IF,CP,904,fox-hunt2,46
3,['FOR'],FOR,CP,906,fox-hunt2,46
3,['POKE'],POKE,CR,907,fox-hunt2,46
3,['FOR'],FOR,CP,1099,fox-hunt2,46
3,['PRINT'],PRINT,CI,1201,fox-hunt2,46
3,['FOR'],FOR,CP,8001,fox-hunt2,46
3,['POKE'],POKE,CR,8002,fox-hunt2,46
3,['POKE'],POKE,CR,8003,fox-hunt2,46
3,['PRINT'],PRINT,CI,8006,fox-hunt2,46
3,['PRINT'],PRINT,CI,8007,fox-hunt2,46
3,['PRINT'],PRINT,CI,8008,fox-hunt2,46
3,['PRINT'],PRINT,CI,8009,fox-hunt2,46
3,['PRINT'],PRINT,CI,8011,fox-hunt2,46
3,['PRINT'],PRINT,CI,8012,fox-hunt2,46
3,['PRINT'],PRINT,CI,8013,fox-hunt2,46
3,['PRINT'],PRINT,CI,8014,fox-hunt2,46
3,['PRINT'],PRINT,CI,8018,fox-hunt2,46
3,['PRINT'],PRINT,CI,8019,fox-hunt2,46
3,['RETURN'],RETURN,CP,8021,fox-hunt2,46
3,['DATA'],DATA,CV,10001,fox-hunt2,46
3,['FOR'],FOR,CP,10002,fox-hunt2,46
3,['GOTO'],GOTO,CP,11002,fox-hunt2,46
3,['FOR'],FOR,CP,12001,fox-hunt2,46
3,['NEXT'],NEXT,CP,12002,fox-hunt2,46
3,['IF'],IF,CP,12003,fox-hunt2,46
3,['GOTO'],GOTO,CP,12004,fox-hunt2,46
3,['FOR'],FOR,CP,12051,fox-hunt2,46
3,['FOR'],FOR,CP,13001,fox-hunt2,46
3,['POKE'],POKE,CR,511,salvage crew,50
3,['POKE'],POKE,CR,512,salvage crew,50
3,"['POKE', '{run_stop}', '{CTRL-U}', '{CTRL-U}']",POKE,CR,513,salvage crew,50
3,['POKE'],POKE,CR,514,salvage crew,50
3,['POKE'],POKE,CR,516,salvage crew,50
3,['FOR'],FOR,CP,567,salvage crew,50
3,['POKE'],POKE,CR,568,salvage crew,50
3,['DATA'],DATA,CV,3007,salvage crew,50
3,['DATA'],DATA,CV,3017,salvage crew,50
3,['DATA'],DATA,CV,3025,salvage crew,50
3,['DATA'],DATA,CV,3035,salvage crew,50
3,['DATA'],DATA,CV,3045,salvage crew,50
3,['DATA'],DATA,CV,3047,salvage crew,50
3,['PRINT'],PRINT,CI,3075,salvage cre2,50
3,['PRINT'],PRINT,CI,3085,salvage cre2,50
3,['RETURN'],RETURN,CP,3087,salvage cre2,50
3,['PRINT'],PRINT,CI,3205,salvage cre2,50
3,['IF'],IF,CP,7200,catchthefish,43
3,['IF'],IF,CP,7210,catchthefish,43
3,['POKE'],POKE,CR,7500,catchthefish,43
3,['PRINT'],PRINT,CI,7800,catchthefish,43
3,['IF'],IF,CP,7850,catchthefish,43
3,['IF'],IF,CP,7910,catchthefish,43
3,['IF'],IF,CP,7920,catchthefish,43
3,['IF'],IF,CP,7930,catchthefish,43
3,['IF'],IF,CP,7940,catchthefish,43
3,['IF'],IF,CP,7945,catchthefish,43
3,['IF'],IF,CP,7946,catchthefish,43
3,['IF'],IF,CP,7947,catchthefish,43
3,['IF'],IF,CP,7948,catchthefish,43
3,['IF'],IF,CP,7951,catchthefish,43
3,['IF'],IF,CP,7952,catchthefish,43
3,['POKE'],POKE,CR,7960,catchthefish,43
3,['POKE'],POKE,CR,7962,catchthefish,43
3,['FOR'],FOR,CP,7965,catchthefish,43
3,['POKE'],POKE,CR,7970,catchthefish,43
3,['POKE'],POKE,CR,7980,catchthefish,43
3,['POKE'],POKE,CR,24000,catchthefish,43
3,['FOR'],FOR,CP,24010,catchthefish,43
3,['PRINT'],PRINT,CI,94,economy2,57
3,['PRINT'],PRINT,CI,97,economy2,57
3,['POKE'],POKE,CR,5075,breakout,48
3,['GOTO'],GOTO,CP,6500,breakout,48
3,['POKE'],POKE,CR,7300,breakout,48
3,['IF'],IF,CP,7400,breakout,48
3,['IF'],IF,CP,8060,breakout,48
3,['IF'],IF,CP,8500,breakout,48
3,['PRINT'],PRINT,CI,8520,breakout,48
3,['PRINT'],PRINT,CI,8530,breakout,48
3,['POKE'],POKE,CR,31500,breakout,48
3,['POKE'],POKE,CR,32000,breakout,48
3,['IF'],IF,CP,32250,breakout,48
3,['NEXT'],NEXT,CP,32500,breakout,48
3,['FOR'],FOR,CP,307,collector2,47
3,['PRINT'],PRINT,CI,402,collector2,47
3,['PRINT'],PRINT,CI,403,collector2,47
3,['PRINT'],PRINT,CI,404,collector2,47
3,['PRINT'],PRINT,CI,407,collector2,47
3,['PRINT'],PRINT,CI,408,collector2,47
3,['PRINT'],PRINT,CI,412,collector2,47
3,['PRINT'],PRINT,CI,413,collector2,47
3,['PRINT'],PRINT,CI,414,collector2,47
3,['PRINT'],PRINT,CI,416,collector2,47
3,['PRINT'],PRINT,CI,417,collector2,47
3,['PRINT'],PRINT,CI,418,collector2,47
3,['PRINT'],PRINT,CI,423,collector2,47
3,['FOR'],FOR,CP,426,collector2,47
3,['FOR'],FOR,CP,427,collector2,47
3,['FOR'],FOR,CP,508,collector2,47
3,['FOR'],FOR,CP,604,collector2,47
3,['FOR'],FOR,CP,606,collector2,47
3,['POKE'],POKE,CR,1001,collector2,47
3,['PRINT'],PRINT,CI,1002,collector2,47
3,['PRINT'],PRINT,CI,1003,collector2,47
3,['PRINT'],PRINT,CI,1004,collector2,47
3,['IF'],IF,CP,211,dog-fight2,51
3,['IF'],IF,CP,376,pac-ball2,56
3,['IF'],IF,CP,378,pac-ball2,56
3,['GET'],GET,CI,428,pac-ball2,56
3,['POKE'],POKE,CR,555,pac-ball2,56
3,['POKE'],POKE,CR,575,pac-ball2,56
3,['PRINT'],PRINT,CI,1285,pac-ball2,56
3,['PRINT'],PRINT,CI,1295,pac-ball2,56
3,['PRINT'],PRINT,CI,1325,pac-ball2,56
3,['PRINT'],PRINT,CI,1335,pac-ball2,56
3,['IF'],IF,CP,1351,pac-ball2,56
3,['IF'],IF,CP,1352,pac-ball2,56
3,['GOTO'],GOTO,CP,1356,pac-ball2,56
3,['IF'],IF,CP,1375,pac-ball2,56
3,['IF'],IF,CP,1415,pac-ball2,56
3,['IF'],IF,CP,1425,pac-ball2,56
3,['IF'],IF,CP,1452,pac-ball2,56
3,['GOTO'],GOTO,CP,1465,pac-ball2,56
3,['FOR'],FOR,CP,1475,pac-ball2,56
3,['IF'],IF,CP,1485,pac-ball2,56
3,['IF'],IF,CP,1491,pac-ball2,56
3,['GOTO'],GOTO,CP,1495,pac-ball2,56
3,['IF'],IF,CP,1505,pac-ball2,56
3,['IF'],IF,CP,1515,pac-ball2,56
3,['GOTO'],GOTO,CP,1525,pac-ball2,56
3,['FOR'],FOR,CP,1535,pac-ball2,56
3,['FOR'],FOR,CP,1545,pac-ball2,56
3,['PRINT'],PRINT,CI,1563,pac-ball2,56
3,['PRINT'],PRINT,CI,1565,pac-ball2,56
3,['FOR'],FOR,CP,1573,pac-ball2,56
3,['FOR'],FOR,CP,1575,pac-ball2,56
3,['PRINT'],PRINT,CI,1578,pac-ball2,56
3,['PRINT'],PRINT,CI,1579,pac-ball2,56
3,['IF'],IF,CP,1585,pac-ball2,56
3,['POKE'],POKE,CR,1602,pac-ball2,56
3,['PRINT'],PRINT,CI,1605,pac-ball2,56
3,['PRINT'],PRINT,CI,1615,pac-ball2,56
3,['PRINT'],PRINT,CI,1625,pac-ball2,56
3,['IF'],IF,CP,1665,pac-ball2,56
3,['IF'],IF,CP,1675,pac-ball2,56
3,['IF'],IF,CP,1685,pac-ball2,56
3,['IF'],IF,CP,1695,pac-ball2,56
3,['IF'],IF,CP,1705,pac-ball2,56
3,['PRINT'],PRINT,CI,1802,pac-ball2,56
3,['PRINT'],PRINT,CI,1803,pac-ball2,56
3,['PRINT'],PRINT,CI,1804,pac-ball2,56
3,['PRINT'],PRINT,CI,1805,pac-ball2,56
3,['PRINT'],PRINT,CI,1843,pac-ball2,56
3,['GET'],GET,CI,1845,pac-ball2,56
3,['IF'],IF,CP,1855,pac-ball2,56
3,['IF'],IF,CP,1856,pac-ball2,56
3,['FOR'],FOR,CP,179,fox-hunt,46
